Time_of_Scraping,Category,Text_Type,Posting_ID,Title,Writer_ID,Writer_Poistion,Time_of_Posting,Main_Text,N_Views,N_Likes,N_Comments,Comment_ID,Commentor_ID,Time_of_Comment,Comment,Is_Reply_To_Comment,Comment_ID_Replying
2024-02-14 15:22:13,• 호프·주점·포차,Post,93000,조립식 흡연부스 가격이..ㄷㄷ,서울 JJ,점장,2018.02.08. 16:56,"http://smartstore.naver.com/sanako/products/2403263432?NaPm=ct%3Djde7j52g%7Cci%3D80593598ed76b62f684517d0f120587ded9a9998%7Ctr%3Dsls%7Csn%3D217968%7Chk%3D3643357d9ebefa4db76af9932c3733b0922b22f7

297만원...
4-5인용

144만원
1-2인용 

가격 후덜덜하네요.....














오늘의명언
자신감은 위대한 과업의 첫째 요건이다.
-Samuel Johnson-",419.0,0.0,1.0,,,,,,
2024-02-14 15:22:13,• 호프·주점·포차,Comment,93000,조립식 흡연부스 가격이..ㄷㄷ,서울 JJ,점장,2018.02.08. 16:56,"http://smartstore.naver.com/sanako/products/2403263432?NaPm=ct%3Djde7j52g%7Cci%3D80593598ed76b62f684517d0f120587ded9a9998%7Ctr%3Dsls%7Csn%3D217968%7Chk%3D3643357d9ebefa4db76af9932c3733b0922b22f7

297만원...
4-5인용

144만원
1-2인용 

가격 후덜덜하네요.....














오늘의명언
자신감은 위대한 과업의 첫째 요건이다.
-Samuel Johnson-",419.0,0.0,1.0,1.0,통닭,2018.02.08. 20:32,휴 ㅜㅜ,False,
2024-02-14 15:22:23,-,Post,93001,서울또는 근교에서 창업준비중입니다,마포오,직원,2018.02.08. 16:57,"▶서울또는 근교

  ▶ 미정
 
  ▶ 30대후반
    ▶ 마포오스칼입니다 
   ▶  
                                   네",69.0,0.0,1.0,,,,,,
2024-02-14 15:22:23,-,Comment,93001,서울또는 근교에서 창업준비중입니다,마포오,직원,2018.02.08. 16:57,"▶서울또는 근교

  ▶ 미정
 
  ▶ 30대후반
    ▶ 마포오스칼입니다 
   ▶  
                                   네",69.0,0.0,1.0,1.0,김사장가즈아,2018.02.08. 17:07,어서오세요,False,
2024-02-14 15:22:33,-,Post,93002,"울산에서 전기자재, 조명창업 준비하고 있습니다.",창업초보,직원,2018.02.08. 17:01,"▶ 울산



▶ 전기자재, 조명 (향후 공사)
 


▶40대
 


▶ 반갑습니다.. 현재 직장을 다니고 있어요..  제꿈이 제 가게를 운영하는 거라 미리 준비 하려고 합니다.


▶ yes",66.0,0.0,4.0,,,,,,
2024-02-14 15:22:33,-,Comment,93002,"울산에서 전기자재, 조명창업 준비하고 있습니다.",창업초보,직원,2018.02.08. 17:01,"▶ 울산



▶ 전기자재, 조명 (향후 공사)
 


▶40대
 


▶ 반갑습니다.. 현재 직장을 다니고 있어요..  제꿈이 제 가게를 운영하는 거라 미리 준비 하려고 합니다.


▶ yes",66.0,0.0,4.0,1.0,김사장가즈아,2018.02.08. 17:07,어서오세요,False,
2024-02-14 15:22:33,-,Comment,93002,"울산에서 전기자재, 조명창업 준비하고 있습니다.",창업초보,직원,2018.02.08. 17:01,"▶ 울산



▶ 전기자재, 조명 (향후 공사)
 


▶40대
 


▶ 반갑습니다.. 현재 직장을 다니고 있어요..  제꿈이 제 가게를 운영하는 거라 미리 준비 하려고 합니다.


▶ yes",66.0,0.0,4.0,2.0,울산 루아,2018.02.08. 18:00,안녕하세요,False,
2024-02-14 15:22:33,-,Comment,93002,"울산에서 전기자재, 조명창업 준비하고 있습니다.",창업초보,직원,2018.02.08. 17:01,"▶ 울산



▶ 전기자재, 조명 (향후 공사)
 


▶40대
 


▶ 반갑습니다.. 현재 직장을 다니고 있어요..  제꿈이 제 가게를 운영하는 거라 미리 준비 하려고 합니다.


▶ yes",66.0,0.0,4.0,3.0,창업초보,2018.02.08. 18:06,네.. 반갑습니다.. 울산분이신가 보네요,True,울산 루아
2024-02-14 15:22:33,-,Comment,93002,"울산에서 전기자재, 조명창업 준비하고 있습니다.",창업초보,직원,2018.02.08. 17:01,"▶ 울산



▶ 전기자재, 조명 (향후 공사)
 


▶40대
 


▶ 반갑습니다.. 현재 직장을 다니고 있어요..  제꿈이 제 가게를 운영하는 거라 미리 준비 하려고 합니다.


▶ yes",66.0,0.0,4.0,4.0,울산 좋은아빠,2018.02.09. 13:39,반갑습니다,False,
,,,93003,,,,,,,,,,,,,,
2024-02-14 15:22:52,• 레저·오락·스크린,Post,93004,코인노래방에서,포천노래좋아요,점장,2018.02.08. 17:03,"물어볼 것이 몇가지 있어요~ 
 1. 밤 10시이후에는 미성년자 출입금지
 그게 올해기준으로 99년생인데요
 생일 안지나도 상관없는거죠?
    2. 주류판매
 판매도 안되고 반입도 안되는건로 알고 있는데요
 그래도 걸리게 되면 묵인죄도 있다고 하는데요
 맞나요? 
     3. 먹을거리 판매 
 pc방처럼 라면이나 햄버거까지는 말구요
 젤리나 스니커즈같은걸로 하고 싶은데
 판매를 해도 되는지 모르겠네요.
 보건증  끊고 해야 하나요?
                 오늘의명언
자신감은 위대한 과업의 첫째 요건이다.
-Samuel Johnson-","1,374",1.0,12.0,,,,,,
2024-02-14 15:22:52,• 레저·오락·스크린,Comment,93004,코인노래방에서,포천노래좋아요,점장,2018.02.08. 17:03,"물어볼 것이 몇가지 있어요~ 
 1. 밤 10시이후에는 미성년자 출입금지
 그게 올해기준으로 99년생인데요
 생일 안지나도 상관없는거죠?
    2. 주류판매
 판매도 안되고 반입도 안되는건로 알고 있는데요
 그래도 걸리게 되면 묵인죄도 있다고 하는데요
 맞나요? 
     3. 먹을거리 판매 
 pc방처럼 라면이나 햄버거까지는 말구요
 젤리나 스니커즈같은걸로 하고 싶은데
 판매를 해도 되는지 모르겠네요.
 보건증  끊고 해야 하나요?
                 오늘의명언
자신감은 위대한 과업의 첫째 요건이다.
-Samuel Johnson-","1,374",1.0,12.0,1.0,성운,2018.02.08. 17:07,고3 졸업 안한 애들은 받으면 안됩니다... 졸업한 고3 출입가능 미졸업은 법 위반입니다. 이상한 법이죠... 미성년자 아닌데 고3 미졸업자는 출입 안되요. 자퇴나 졸업자 출입가능,False,
2024-02-14 15:22:52,• 레저·오락·스크린,Comment,93004,코인노래방에서,포천노래좋아요,점장,2018.02.08. 17:03,"물어볼 것이 몇가지 있어요~ 
 1. 밤 10시이후에는 미성년자 출입금지
 그게 올해기준으로 99년생인데요
 생일 안지나도 상관없는거죠?
    2. 주류판매
 판매도 안되고 반입도 안되는건로 알고 있는데요
 그래도 걸리게 되면 묵인죄도 있다고 하는데요
 맞나요? 
     3. 먹을거리 판매 
 pc방처럼 라면이나 햄버거까지는 말구요
 젤리나 스니커즈같은걸로 하고 싶은데
 판매를 해도 되는지 모르겠네요.
 보건증  끊고 해야 하나요?
                 오늘의명언
자신감은 위대한 과업의 첫째 요건이다.
-Samuel Johnson-","1,374",1.0,12.0,2.0,인천 여름아,2018.02.08. 17:10,제가 잘못알고있나요 미졸업여부는 제가 몰랐던 부분이네요 졸업식기준인가요 ㅎㅎ:: 난감하네요 ㅎ,True,성운
2024-02-14 15:22:52,• 레저·오락·스크린,Comment,93004,코인노래방에서,포천노래좋아요,점장,2018.02.08. 17:03,"물어볼 것이 몇가지 있어요~ 
 1. 밤 10시이후에는 미성년자 출입금지
 그게 올해기준으로 99년생인데요
 생일 안지나도 상관없는거죠?
    2. 주류판매
 판매도 안되고 반입도 안되는건로 알고 있는데요
 그래도 걸리게 되면 묵인죄도 있다고 하는데요
 맞나요? 
     3. 먹을거리 판매 
 pc방처럼 라면이나 햄버거까지는 말구요
 젤리나 스니커즈같은걸로 하고 싶은데
 판매를 해도 되는지 모르겠네요.
 보건증  끊고 해야 하나요?
                 오늘의명언
자신감은 위대한 과업의 첫째 요건이다.
-Samuel Johnson-","1,374",1.0,12.0,3.0,포천노래좋아요,2018.02.08. 17:53,"그러게요 법을 대충 만들다만거 같네요ㅡ.ㅡ
알고는 있었지만 까다로와요ㅜ
답변 감사합니다ㅎㅎ",True,성운
2024-02-14 15:22:52,• 레저·오락·스크린,Comment,93004,코인노래방에서,포천노래좋아요,점장,2018.02.08. 17:03,"물어볼 것이 몇가지 있어요~ 
 1. 밤 10시이후에는 미성년자 출입금지
 그게 올해기준으로 99년생인데요
 생일 안지나도 상관없는거죠?
    2. 주류판매
 판매도 안되고 반입도 안되는건로 알고 있는데요
 그래도 걸리게 되면 묵인죄도 있다고 하는데요
 맞나요? 
     3. 먹을거리 판매 
 pc방처럼 라면이나 햄버거까지는 말구요
 젤리나 스니커즈같은걸로 하고 싶은데
 판매를 해도 되는지 모르겠네요.
 보건증  끊고 해야 하나요?
                 오늘의명언
자신감은 위대한 과업의 첫째 요건이다.
-Samuel Johnson-","1,374",1.0,12.0,4.0,인천 오라이,2018.02.09. 15:24,인천 여름아졸업기준으로 받으시면 됩니다.노래방 pc방 같습니다,True,성운
2024-02-14 15:22:52,• 레저·오락·스크린,Comment,93004,코인노래방에서,포천노래좋아요,점장,2018.02.08. 17:03,"물어볼 것이 몇가지 있어요~ 
 1. 밤 10시이후에는 미성년자 출입금지
 그게 올해기준으로 99년생인데요
 생일 안지나도 상관없는거죠?
    2. 주류판매
 판매도 안되고 반입도 안되는건로 알고 있는데요
 그래도 걸리게 되면 묵인죄도 있다고 하는데요
 맞나요? 
     3. 먹을거리 판매 
 pc방처럼 라면이나 햄버거까지는 말구요
 젤리나 스니커즈같은걸로 하고 싶은데
 판매를 해도 되는지 모르겠네요.
 보건증  끊고 해야 하나요?
                 오늘의명언
자신감은 위대한 과업의 첫째 요건이다.
-Samuel Johnson-","1,374",1.0,12.0,5.0,인천 여름아,2018.02.08. 17:08,1번 .1월1일 기준으로 바뀌어서 생일 상관없어요 2번. 손님이 밖에서 사온경우를 감시(?)해야하는 의무가 있어서 문제시 업주도 모르게 우리가 사왔다 하는 손님 진술서가 있어야 인정됩니다 손님이 주인이 알고도 모른척했다하면 문제됩니다 3번 걍 파세요..문제되면 나도 먹고 손님도 서비스로 먹는다 하면 되지요,False,
2024-02-14 15:22:52,• 레저·오락·스크린,Comment,93004,코인노래방에서,포천노래좋아요,점장,2018.02.08. 17:03,"물어볼 것이 몇가지 있어요~ 
 1. 밤 10시이후에는 미성년자 출입금지
 그게 올해기준으로 99년생인데요
 생일 안지나도 상관없는거죠?
    2. 주류판매
 판매도 안되고 반입도 안되는건로 알고 있는데요
 그래도 걸리게 되면 묵인죄도 있다고 하는데요
 맞나요? 
     3. 먹을거리 판매 
 pc방처럼 라면이나 햄버거까지는 말구요
 젤리나 스니커즈같은걸로 하고 싶은데
 판매를 해도 되는지 모르겠네요.
 보건증  끊고 해야 하나요?
                 오늘의명언
자신감은 위대한 과업의 첫째 요건이다.
-Samuel Johnson-","1,374",1.0,12.0,6.0,포천노래좋아요,2018.02.08. 17:54,"아직 근처에 노래방이 없어서 술 찾는분이
많네요ㅜ 감사합니다~~ㅎㅎ",True,인천 여름아
2024-02-14 15:22:52,• 레저·오락·스크린,Comment,93004,코인노래방에서,포천노래좋아요,점장,2018.02.08. 17:03,"물어볼 것이 몇가지 있어요~ 
 1. 밤 10시이후에는 미성년자 출입금지
 그게 올해기준으로 99년생인데요
 생일 안지나도 상관없는거죠?
    2. 주류판매
 판매도 안되고 반입도 안되는건로 알고 있는데요
 그래도 걸리게 되면 묵인죄도 있다고 하는데요
 맞나요? 
     3. 먹을거리 판매 
 pc방처럼 라면이나 햄버거까지는 말구요
 젤리나 스니커즈같은걸로 하고 싶은데
 판매를 해도 되는지 모르겠네요.
 보건증  끊고 해야 하나요?
                 오늘의명언
자신감은 위대한 과업의 첫째 요건이다.
-Samuel Johnson-","1,374",1.0,12.0,7.0,서울 구멍가게,2018.02.08. 17:40,"법이좀 이상하지만 졸업자만 10시이후 출입가능합니다 노래주점은 출입이 가능합니다.
코인은 출입불가능
먹거리는 신고해야합니다.조리하는 음식만요 아마도 보건증도 있어야할거예요 그래서 피시방은 컵라면 판매하는거고 조리하면 신고후 판매하는개 원칙이긴합니다.",False,
2024-02-14 15:22:52,• 레저·오락·스크린,Comment,93004,코인노래방에서,포천노래좋아요,점장,2018.02.08. 17:03,"물어볼 것이 몇가지 있어요~ 
 1. 밤 10시이후에는 미성년자 출입금지
 그게 올해기준으로 99년생인데요
 생일 안지나도 상관없는거죠?
    2. 주류판매
 판매도 안되고 반입도 안되는건로 알고 있는데요
 그래도 걸리게 되면 묵인죄도 있다고 하는데요
 맞나요? 
     3. 먹을거리 판매 
 pc방처럼 라면이나 햄버거까지는 말구요
 젤리나 스니커즈같은걸로 하고 싶은데
 판매를 해도 되는지 모르겠네요.
 보건증  끊고 해야 하나요?
                 오늘의명언
자신감은 위대한 과업의 첫째 요건이다.
-Samuel Johnson-","1,374",1.0,12.0,8.0,서울 구멍가게,2018.02.08. 17:44,"주류반입은 영업정지 10일짜리 입니다.2차는 15일? 3차는30일? 이런식으로 올라가요.
과징금 대처가능합니다. 하루 5만원씩 10일이면 50만원 과징금입니다.
윗분말대로 진술서잇어야 되고 진술서 써도 영업영지 행정처분은 나옵니다.
이래서 코인은 오토운영이 불가능합니다.",False,
2024-02-14 15:22:52,• 레저·오락·스크린,Comment,93004,코인노래방에서,포천노래좋아요,점장,2018.02.08. 17:03,"물어볼 것이 몇가지 있어요~ 
 1. 밤 10시이후에는 미성년자 출입금지
 그게 올해기준으로 99년생인데요
 생일 안지나도 상관없는거죠?
    2. 주류판매
 판매도 안되고 반입도 안되는건로 알고 있는데요
 그래도 걸리게 되면 묵인죄도 있다고 하는데요
 맞나요? 
     3. 먹을거리 판매 
 pc방처럼 라면이나 햄버거까지는 말구요
 젤리나 스니커즈같은걸로 하고 싶은데
 판매를 해도 되는지 모르겠네요.
 보건증  끊고 해야 하나요?
                 오늘의명언
자신감은 위대한 과업의 첫째 요건이다.
-Samuel Johnson-","1,374",1.0,12.0,9.0,포천노래좋아요,2018.02.08. 17:57,"근데 코인노래방도 단속 자주 나오나요?
상권형성이 아직 안되서 그런가
주변에 경찰차가 한대씩 돌아다녀긴 하는데

그리고 조리안한 음식은 보건증 없어도 되는거죠?
이런거는 어디다 물어봐야 할지도 모르겠고
검색해도 잘안나오네요ㅜ",True,서울 구멍가게
2024-02-14 15:22:52,• 레저·오락·스크린,Comment,93004,코인노래방에서,포천노래좋아요,점장,2018.02.08. 17:03,"물어볼 것이 몇가지 있어요~ 
 1. 밤 10시이후에는 미성년자 출입금지
 그게 올해기준으로 99년생인데요
 생일 안지나도 상관없는거죠?
    2. 주류판매
 판매도 안되고 반입도 안되는건로 알고 있는데요
 그래도 걸리게 되면 묵인죄도 있다고 하는데요
 맞나요? 
     3. 먹을거리 판매 
 pc방처럼 라면이나 햄버거까지는 말구요
 젤리나 스니커즈같은걸로 하고 싶은데
 판매를 해도 되는지 모르겠네요.
 보건증  끊고 해야 하나요?
                 오늘의명언
자신감은 위대한 과업의 첫째 요건이다.
-Samuel Johnson-","1,374",1.0,12.0,10.0,서울 구멍가게,2018.02.08. 18:04,"포천노래좋아요단속은 단속기간에 나오겠죠.
근대 애덜 10시넘어서 받거나 애덜도 술몰래 가지고 와요.
애덜은 소문이 빨라요 학교에 소문 나면 점점 술몰래 가저오고 양아치들 소굴되요...
담배피고 침뱃고 술먹고 처음부터 못하게 할려면 주인이 카운터 꼭 지키고 있어야해요.
어른들 애덜 그러고 다니는거 못보는 사람들 꼭있어요. 100% 신고 들어갑니다.
음식은 저도 전에 판매할려고 알아봤는데 신고하면 가능하다고만 들었어요.
자세한건 지역담당 문화체육부 전화 하시면 알려줄거예요.",True,서울 구멍가게
2024-02-14 15:22:52,• 레저·오락·스크린,Comment,93004,코인노래방에서,포천노래좋아요,점장,2018.02.08. 17:03,"물어볼 것이 몇가지 있어요~ 
 1. 밤 10시이후에는 미성년자 출입금지
 그게 올해기준으로 99년생인데요
 생일 안지나도 상관없는거죠?
    2. 주류판매
 판매도 안되고 반입도 안되는건로 알고 있는데요
 그래도 걸리게 되면 묵인죄도 있다고 하는데요
 맞나요? 
     3. 먹을거리 판매 
 pc방처럼 라면이나 햄버거까지는 말구요
 젤리나 스니커즈같은걸로 하고 싶은데
 판매를 해도 되는지 모르겠네요.
 보건증  끊고 해야 하나요?
                 오늘의명언
자신감은 위대한 과업의 첫째 요건이다.
-Samuel Johnson-","1,374",1.0,12.0,11.0,포천노래좋아요,2018.02.08. 18:11,"서울 구멍가게자세한 답변 감사드려요~~ㅎㅎ
문화체육부에 하면 되는군요!!",True,서울 구멍가게
2024-02-14 15:22:52,• 레저·오락·스크린,Comment,93004,코인노래방에서,포천노래좋아요,점장,2018.02.08. 17:03,"물어볼 것이 몇가지 있어요~ 
 1. 밤 10시이후에는 미성년자 출입금지
 그게 올해기준으로 99년생인데요
 생일 안지나도 상관없는거죠?
    2. 주류판매
 판매도 안되고 반입도 안되는건로 알고 있는데요
 그래도 걸리게 되면 묵인죄도 있다고 하는데요
 맞나요? 
     3. 먹을거리 판매 
 pc방처럼 라면이나 햄버거까지는 말구요
 젤리나 스니커즈같은걸로 하고 싶은데
 판매를 해도 되는지 모르겠네요.
 보건증  끊고 해야 하나요?
                 오늘의명언
자신감은 위대한 과업의 첫째 요건이다.
-Samuel Johnson-","1,374",1.0,12.0,12.0,눈이슬푸쟈누,2018.02.20. 04:57,"청소년출입금지업소- 고3졸업생.자퇴생
미성년자출입금지업소-1월1일부",False,
2024-02-14 15:23:03,• 호프·주점·포차,Post,93005,쭈꾸미 양념장 뭘 더 넣을까요 ?,전북v김준혁,점장,2018.02.08. 17:07,"고추장,마늘,진간장,올리고당,참치액젓..
이게 기본인데 뭔가 2%부족한거 같아요 
뭘 넣어야 될까요 ? 













오늘의명언
자신감은 위대한 과업의 첫째 요건이다.
-Samuel Johnson-",346,0.0,7.0,,,,,,
2024-02-14 15:23:03,• 호프·주점·포차,Comment,93005,쭈꾸미 양념장 뭘 더 넣을까요 ?,전북v김준혁,점장,2018.02.08. 17:07,"고추장,마늘,진간장,올리고당,참치액젓..
이게 기본인데 뭔가 2%부족한거 같아요 
뭘 넣어야 될까요 ? 













오늘의명언
자신감은 위대한 과업의 첫째 요건이다.
-Samuel Johnson-",346,0.0,7.0,1.0,강동구 아귀불고기,2018.02.08. 17:14,양파 사과 갈아넣고 고춧가루 청양고춧가루 넣어서 점도 맞춰보세요 과일 넣으시면 한 일주일 숙성해서 쓰시는게 좋아요,False,
2024-02-14 15:23:03,• 호프·주점·포차,Comment,93005,쭈꾸미 양념장 뭘 더 넣을까요 ?,전북v김준혁,점장,2018.02.08. 17:07,"고추장,마늘,진간장,올리고당,참치액젓..
이게 기본인데 뭔가 2%부족한거 같아요 
뭘 넣어야 될까요 ? 













오늘의명언
자신감은 위대한 과업의 첫째 요건이다.
-Samuel Johnson-",346,0.0,7.0,2.0,전북v김준혁,2018.02.08. 17:18,아~! 아귀사장님 감사합니다~^^,True,강동구 아귀불고기
2024-02-14 15:23:03,• 호프·주점·포차,Comment,93005,쭈꾸미 양념장 뭘 더 넣을까요 ?,전북v김준혁,점장,2018.02.08. 17:07,"고추장,마늘,진간장,올리고당,참치액젓..
이게 기본인데 뭔가 2%부족한거 같아요 
뭘 넣어야 될까요 ? 













오늘의명언
자신감은 위대한 과업의 첫째 요건이다.
-Samuel Johnson-",346,0.0,7.0,3.0,코딱지투,2018.02.08. 17:34,다시다..?ㅋㅋ,False,
2024-02-14 15:23:03,• 호프·주점·포차,Comment,93005,쭈꾸미 양념장 뭘 더 넣을까요 ?,전북v김준혁,점장,2018.02.08. 17:07,"고추장,마늘,진간장,올리고당,참치액젓..
이게 기본인데 뭔가 2%부족한거 같아요 
뭘 넣어야 될까요 ? 













오늘의명언
자신감은 위대한 과업의 첫째 요건이다.
-Samuel Johnson-",346,0.0,7.0,4.0,전북v김준혁,2018.02.08. 21:29,아~다시다~!ㅎㅎ,True,코딱지투
2024-02-14 15:23:03,• 호프·주점·포차,Comment,93005,쭈꾸미 양념장 뭘 더 넣을까요 ?,전북v김준혁,점장,2018.02.08. 17:07,"고추장,마늘,진간장,올리고당,참치액젓..
이게 기본인데 뭔가 2%부족한거 같아요 
뭘 넣어야 될까요 ? 













오늘의명언
자신감은 위대한 과업의 첫째 요건이다.
-Samuel Johnson-",346,0.0,7.0,5.0,송파 구사장,2018.02.08. 19:15,"다시다
간장은 비싼거 쓰시구영
싼거랑 달라용~",False,
2024-02-14 15:23:03,• 호프·주점·포차,Comment,93005,쭈꾸미 양념장 뭘 더 넣을까요 ?,전북v김준혁,점장,2018.02.08. 17:07,"고추장,마늘,진간장,올리고당,참치액젓..
이게 기본인데 뭔가 2%부족한거 같아요 
뭘 넣어야 될까요 ? 













오늘의명언
자신감은 위대한 과업의 첫째 요건이다.
-Samuel Johnson-",346,0.0,7.0,6.0,전북v김준혁,2018.02.08. 21:29,네 감사합니다.,True,송파 구사장
2024-02-14 15:23:03,• 호프·주점·포차,Comment,93005,쭈꾸미 양념장 뭘 더 넣을까요 ?,전북v김준혁,점장,2018.02.08. 17:07,"고추장,마늘,진간장,올리고당,참치액젓..
이게 기본인데 뭔가 2%부족한거 같아요 
뭘 넣어야 될까요 ? 













오늘의명언
자신감은 위대한 과업의 첫째 요건이다.
-Samuel Johnson-",346,0.0,7.0,7.0,wu9612120,2018.02.08. 23:52,미원 ㅋ,False,
2024-02-14 15:23:14,-,Post,93006,안양에서 창업을 준비하고 있습니다.,김사장가즈아,직원,2018.02.08. 17:07,"▶ 안양



▶ 예비창업자
 


▶ 20대후반
 


▶ 사장님가즈아 ~


▶",144,0.0,1.0,,,,,,
2024-02-14 15:23:14,-,Comment,93006,안양에서 창업을 준비하고 있습니다.,김사장가즈아,직원,2018.02.08. 17:07,"▶ 안양



▶ 예비창업자
 


▶ 20대후반
 


▶ 사장님가즈아 ~


▶",144,0.0,1.0,1.0,서울 랏릿,2018.02.08. 17:22,반갑습니다,False,
2024-02-14 15:23:23,-,Post,93007,"가격라벨기, 라벨지, 택총, 택알 저렴하게 팔아요",작은밤비,직원,2018.02.08. 17:07,"인쇄된 가격택을 사용하는 바람에 사놓고는 필요 없게 됬네요
필요하신분 저렴하게 사가세요.
라벨기는 조금 사용했기에 사용흔적 조금 있읍니다.
가격라벨기는 모텍스55 (6열) 25,000원구입했어요  개당10,000원에 드려요 (4개)
가격라벨지 1박스(리필잉크포함) 15,000원구입   박스당 9,000원 드려요 (11박스)

택알은 1박스당 3,000원씩드리고 5박스사시면 택총1개 드릴께요
(10박스 있읍니다.)

010 4552 5101 연락주세요",461,1.0,1.0,,,,,,
2024-02-14 15:23:23,-,Comment,93007,"가격라벨기, 라벨지, 택총, 택알 저렴하게 팔아요",작은밤비,직원,2018.02.08. 17:07,"인쇄된 가격택을 사용하는 바람에 사놓고는 필요 없게 됬네요
필요하신분 저렴하게 사가세요.
라벨기는 조금 사용했기에 사용흔적 조금 있읍니다.
가격라벨기는 모텍스55 (6열) 25,000원구입했어요  개당10,000원에 드려요 (4개)
가격라벨지 1박스(리필잉크포함) 15,000원구입   박스당 9,000원 드려요 (11박스)

택알은 1박스당 3,000원씩드리고 5박스사시면 택총1개 드릴께요
(10박스 있읍니다.)

010 4552 5101 연락주세요",461,1.0,1.0,1.0,작은밤비,2018.02.22. 11:30,"고맙습니다~~
택핀과 택총은 판매 완료 되었고
가격라벨기게와 가격라벨지 조금 남았습니다~",False,
,,,93008,,,,,,,,,,,,,,
,,,93009,,,,,,,,,,,,,,
2024-02-14 15:24:01,-,Post,93010,부산에서 홈페이지제작을 하고 있습니다.,TwinH1,,2018.02.08. 17:14,"▶ 부산



▶ 홈페이지 제작
 


▶ 30대
 


▶ 고객님이 마음에 들어하실 홈페이지를 제공해드리고 있습니다.


▶ Yes",57,0.0,3.0,,,,,,
2024-02-14 15:24:01,-,Comment,93010,부산에서 홈페이지제작을 하고 있습니다.,TwinH1,,2018.02.08. 17:14,"▶ 부산



▶ 홈페이지 제작
 


▶ 30대
 


▶ 고객님이 마음에 들어하실 홈페이지를 제공해드리고 있습니다.


▶ Yes",57,0.0,3.0,1.0,DIY,2018.02.08. 17:22,반가워요~^,False,
2024-02-14 15:24:01,-,Comment,93010,부산에서 홈페이지제작을 하고 있습니다.,TwinH1,,2018.02.08. 17:14,"▶ 부산



▶ 홈페이지 제작
 


▶ 30대
 


▶ 고객님이 마음에 들어하실 홈페이지를 제공해드리고 있습니다.


▶ Yes",57,0.0,3.0,2.0,파일럿,2018.02.08. 17:54,안녕하세요,False,
2024-02-14 15:24:01,-,Comment,93010,부산에서 홈페이지제작을 하고 있습니다.,TwinH1,,2018.02.08. 17:14,"▶ 부산



▶ 홈페이지 제작
 


▶ 30대
 


▶ 고객님이 마음에 들어하실 홈페이지를 제공해드리고 있습니다.


▶ Yes",57,0.0,3.0,3.0,부산 푸홀스,2018.02.08. 18:07,방갑습니다,False,
,,,93011,,,,,,,,,,,,,,
,,,93012,,,,,,,,,,,,,,
,,,93013,,,,,,,,,,,,,,
,,,93014,,,,,,,,,,,,,,
2024-02-14 15:24:54,-,Post,93015,가입인사 .반갑습니다.,DIY,직원,2018.02.08. 17:21,"▶ 인천



▶옥상방수
 


▶ 40
 


▶ 반갑습니다. ^^


▶",16,0.0,1.0,,,,,,
2024-02-14 15:24:54,-,Comment,93015,가입인사 .반갑습니다.,DIY,직원,2018.02.08. 17:21,"▶ 인천



▶옥상방수
 


▶ 40
 


▶ 반갑습니다. ^^


▶",16,0.0,1.0,1.0,판교 과일사랑,2018.02.08. 17:42,안녕하세요 반갑습니다^^,False,
2024-02-14 15:25:04,-,Post,93016,서울에서 조그만 술집 준비하고있습니다,서울 랏릿,직원,2018.02.08. 17:21,"▶서울



▶ 이자카야
 


▶ 20대
 


▶잘부탁드립니다


▶",50,0.0,3.0,,,,,,
2024-02-14 15:25:04,-,Comment,93016,서울에서 조그만 술집 준비하고있습니다,서울 랏릿,직원,2018.02.08. 17:21,"▶서울



▶ 이자카야
 


▶ 20대
 


▶잘부탁드립니다


▶",50,0.0,3.0,1.0,부산네일쟁이,2018.02.08. 17:27,방가워요~,False,
2024-02-14 15:25:04,-,Comment,93016,서울에서 조그만 술집 준비하고있습니다,서울 랏릿,직원,2018.02.08. 17:21,"▶서울



▶ 이자카야
 


▶ 20대
 


▶잘부탁드립니다


▶",50,0.0,3.0,2.0,파일럿,2018.02.08. 17:54,반갑습니다,False,
2024-02-14 15:25:04,-,Comment,93016,서울에서 조그만 술집 준비하고있습니다,서울 랏릿,직원,2018.02.08. 17:21,"▶서울



▶ 이자카야
 


▶ 20대
 


▶잘부탁드립니다


▶",50,0.0,3.0,3.0,밍키언니,2018.02.08. 23:15,반갑습니다.^^,False,
,,,93017,,,,,,,,,,,,,,
,,,93018,,,,,,,,,,,,,,
,,,93019,,,,,,,,,,,,,,
2024-02-14 15:25:45,-,Post,93020,부산에서 네일샵하고 있습니다~,부산네일쟁이,직원,2018.02.08. 17:26,"▶ 부산 서면



▶ 네일샵
 


▶ 30대
 


▶ 방가워요~ 소통하며 정보공유 하고 싶어요~


▶ yes",54,0.0,4.0,,,,,,
2024-02-14 15:25:45,-,Comment,93020,부산에서 네일샵하고 있습니다~,부산네일쟁이,직원,2018.02.08. 17:26,"▶ 부산 서면



▶ 네일샵
 


▶ 30대
 


▶ 방가워요~ 소통하며 정보공유 하고 싶어요~


▶ yes",54,0.0,4.0,1.0,부산네일쟁이,2018.02.08. 17:26,방가워요~,False,
,,,93021,,,,,,,,,,,,,,
,,,93022,,,,,,,,,,,,,,
,,,93023,,,,,,,,,,,,,,
,,,93024,,,,,,,,,,,,,,
,,,93025,,,,,,,,,,,,,,
2024-02-14 15:26:46,-,Post,93026,서울에서 창업 준비중입니다,서울 삐약이,직원,2018.02.08. 17:33,"▶ 서울



▶ 계획중
 


▶30
 


▶ 창업 준비하고 있습니다. 많은 도움 부탁드립니다.


▶ yes",27,0.0,1.0,,,,,,
2024-02-14 15:26:46,-,Comment,93026,서울에서 창업 준비중입니다,서울 삐약이,직원,2018.02.08. 17:33,"▶ 서울



▶ 계획중
 


▶30
 


▶ 창업 준비하고 있습니다. 많은 도움 부탁드립니다.


▶ yes",27,0.0,1.0,1.0,smart park,2018.02.08. 18:21,반갑습니다.,False,
,,,93027,,,,,,,,,,,,,,
,,,93028,,,,,,,,,,,,,,
,,,93029,,,,,,,,,,,,,,
,,,93030,,,,,,,,,,,,,,
2024-02-14 15:27:37,-,Post,93031,안녕하세요^^,판교 과일사랑,,2018.02.08. 17:42,"지인 추천으로 가입하게 되었습니다.
반갑습니다^^",27,0.0,4.0,,,,,,
2024-02-14 15:27:37,-,Comment,93031,안녕하세요^^,판교 과일사랑,,2018.02.08. 17:42,"지인 추천으로 가입하게 되었습니다.
반갑습니다^^",27,0.0,4.0,1.0,의정부 와니아빠,2018.02.08. 17:47,반갑습니다.^^,False,
2024-02-14 15:27:37,-,Comment,93031,안녕하세요^^,판교 과일사랑,,2018.02.08. 17:42,"지인 추천으로 가입하게 되었습니다.
반갑습니다^^",27,0.0,4.0,2.0,광명 빠돌이,2018.02.08. 17:48,반갑습니다^^,False,
2024-02-14 15:27:37,-,Comment,93031,안녕하세요^^,판교 과일사랑,,2018.02.08. 17:42,"지인 추천으로 가입하게 되었습니다.
반갑습니다^^",27,0.0,4.0,3.0,파일럿,2018.02.08. 17:54,반갑습니다,False,
2024-02-14 15:27:37,-,Comment,93031,안녕하세요^^,판교 과일사랑,,2018.02.08. 17:42,"지인 추천으로 가입하게 되었습니다.
반갑습니다^^",27,0.0,4.0,4.0,서울인더팍스,2018.02.08. 17:56,반갑습니다!,False,
2024-02-14 15:27:47,• 세무·노무·법률,Post,93032,일반과세자 간편장부 대상인데 굳이 세무사에 맡겨야 하나요?,군포 스텔라노쩨,직원,2018.02.08. 17:43,"안녕하세요 군포에서 배달음식점을 하고 있습니다.

현재 일반과세자 간편장부 대상자로 기장을 직접하고 있습니다.
일반과세자 전환으로 작년 7월 부터 전환이 되었는데 이번 17년 하반기 부가세 신고 180만원 정도 납부하고 충격받아서요 ㅜㅜ
간이과세자일 때와 비교 부가세 납부가 완전 차원이 다르더라고요

이번 부가세를 내고 나니 다가오는 5월 종소세 납부 생각에 갑자기 아찔해졌습니다.

세무사랑 상담한 결과 이정도 부가세면 대략 4-500만원 정도 선의 종소세 부담이 예상된다고 하더라고요 하지만 세무사에 맡겨 조정을 한다면 적정한 2-300선에 맞추는게 가능하다고 아님 더 그 이상도..

기장을 직접하면서 재밌기도 하고 기장료 및 조정료 절감도 되고 혼자 충분히 종소세 신고도 가능할것 같은데 실제 4-500만원 선이 나온다면 멘탈이 나갈 것 같습니다. 그냥 이대로 세무사에게 맡기는게 답인가요?

부가세 부분은 전산적으로 처리가 되기 때문에 절세의 한계가 있는가 반면 종소세는 세무사를 끼고 하면 절세(약간 편법 포함)가 무궁무진하다고 유혹하는데 어찌하는게 현명한 방법일까요?

결론적으로 말씀 드리면,
일반과세자 간편장부 대상자가 직접 기장 / 직접 신고를 하면 세무사에 맡기는 것에 비해 물리적 한계가 뚜렷하나요? 아님 공부를 열심히 한다면 그 갭을 극복 가능한가요?

세무 고수님들의 고견 부탁드립니다.","3,100",0.0,8.0,,,,,,
2024-02-14 15:27:47,• 세무·노무·법률,Comment,93032,일반과세자 간편장부 대상인데 굳이 세무사에 맡겨야 하나요?,군포 스텔라노쩨,직원,2018.02.08. 17:43,"안녕하세요 군포에서 배달음식점을 하고 있습니다.

현재 일반과세자 간편장부 대상자로 기장을 직접하고 있습니다.
일반과세자 전환으로 작년 7월 부터 전환이 되었는데 이번 17년 하반기 부가세 신고 180만원 정도 납부하고 충격받아서요 ㅜㅜ
간이과세자일 때와 비교 부가세 납부가 완전 차원이 다르더라고요

이번 부가세를 내고 나니 다가오는 5월 종소세 납부 생각에 갑자기 아찔해졌습니다.

세무사랑 상담한 결과 이정도 부가세면 대략 4-500만원 정도 선의 종소세 부담이 예상된다고 하더라고요 하지만 세무사에 맡겨 조정을 한다면 적정한 2-300선에 맞추는게 가능하다고 아님 더 그 이상도..

기장을 직접하면서 재밌기도 하고 기장료 및 조정료 절감도 되고 혼자 충분히 종소세 신고도 가능할것 같은데 실제 4-500만원 선이 나온다면 멘탈이 나갈 것 같습니다. 그냥 이대로 세무사에게 맡기는게 답인가요?

부가세 부분은 전산적으로 처리가 되기 때문에 절세의 한계가 있는가 반면 종소세는 세무사를 끼고 하면 절세(약간 편법 포함)가 무궁무진하다고 유혹하는데 어찌하는게 현명한 방법일까요?

결론적으로 말씀 드리면,
일반과세자 간편장부 대상자가 직접 기장 / 직접 신고를 하면 세무사에 맡기는 것에 비해 물리적 한계가 뚜렷하나요? 아님 공부를 열심히 한다면 그 갭을 극복 가능한가요?

세무 고수님들의 고견 부탁드립니다.","3,100",0.0,8.0,1.0,서울 우보,2018.02.08. 18:29,"저도 궁금하네요~
저는 간편장부 대상인데 복식부기로 기장하고 있습니다.
혼자서 기장 할만 합니다",False,
2024-02-14 15:27:47,• 세무·노무·법률,Comment,93032,일반과세자 간편장부 대상인데 굳이 세무사에 맡겨야 하나요?,군포 스텔라노쩨,직원,2018.02.08. 17:43,"안녕하세요 군포에서 배달음식점을 하고 있습니다.

현재 일반과세자 간편장부 대상자로 기장을 직접하고 있습니다.
일반과세자 전환으로 작년 7월 부터 전환이 되었는데 이번 17년 하반기 부가세 신고 180만원 정도 납부하고 충격받아서요 ㅜㅜ
간이과세자일 때와 비교 부가세 납부가 완전 차원이 다르더라고요

이번 부가세를 내고 나니 다가오는 5월 종소세 납부 생각에 갑자기 아찔해졌습니다.

세무사랑 상담한 결과 이정도 부가세면 대략 4-500만원 정도 선의 종소세 부담이 예상된다고 하더라고요 하지만 세무사에 맡겨 조정을 한다면 적정한 2-300선에 맞추는게 가능하다고 아님 더 그 이상도..

기장을 직접하면서 재밌기도 하고 기장료 및 조정료 절감도 되고 혼자 충분히 종소세 신고도 가능할것 같은데 실제 4-500만원 선이 나온다면 멘탈이 나갈 것 같습니다. 그냥 이대로 세무사에게 맡기는게 답인가요?

부가세 부분은 전산적으로 처리가 되기 때문에 절세의 한계가 있는가 반면 종소세는 세무사를 끼고 하면 절세(약간 편법 포함)가 무궁무진하다고 유혹하는데 어찌하는게 현명한 방법일까요?

결론적으로 말씀 드리면,
일반과세자 간편장부 대상자가 직접 기장 / 직접 신고를 하면 세무사에 맡기는 것에 비해 물리적 한계가 뚜렷하나요? 아님 공부를 열심히 한다면 그 갭을 극복 가능한가요?

세무 고수님들의 고견 부탁드립니다.","3,100",0.0,8.0,2.0,동탄재니애니아빠,2018.02.08. 20:24,"간편장부는 혼자할만해요. 편법 쓰는건 그다지

배달이다보니 월세가 저렴하고 배달비 비용처리가 힘들어서 많이 나올 듯",False,
2024-02-14 15:27:47,• 세무·노무·법률,Comment,93032,일반과세자 간편장부 대상인데 굳이 세무사에 맡겨야 하나요?,군포 스텔라노쩨,직원,2018.02.08. 17:43,"안녕하세요 군포에서 배달음식점을 하고 있습니다.

현재 일반과세자 간편장부 대상자로 기장을 직접하고 있습니다.
일반과세자 전환으로 작년 7월 부터 전환이 되었는데 이번 17년 하반기 부가세 신고 180만원 정도 납부하고 충격받아서요 ㅜㅜ
간이과세자일 때와 비교 부가세 납부가 완전 차원이 다르더라고요

이번 부가세를 내고 나니 다가오는 5월 종소세 납부 생각에 갑자기 아찔해졌습니다.

세무사랑 상담한 결과 이정도 부가세면 대략 4-500만원 정도 선의 종소세 부담이 예상된다고 하더라고요 하지만 세무사에 맡겨 조정을 한다면 적정한 2-300선에 맞추는게 가능하다고 아님 더 그 이상도..

기장을 직접하면서 재밌기도 하고 기장료 및 조정료 절감도 되고 혼자 충분히 종소세 신고도 가능할것 같은데 실제 4-500만원 선이 나온다면 멘탈이 나갈 것 같습니다. 그냥 이대로 세무사에게 맡기는게 답인가요?

부가세 부분은 전산적으로 처리가 되기 때문에 절세의 한계가 있는가 반면 종소세는 세무사를 끼고 하면 절세(약간 편법 포함)가 무궁무진하다고 유혹하는데 어찌하는게 현명한 방법일까요?

결론적으로 말씀 드리면,
일반과세자 간편장부 대상자가 직접 기장 / 직접 신고를 하면 세무사에 맡기는 것에 비해 물리적 한계가 뚜렷하나요? 아님 공부를 열심히 한다면 그 갭을 극복 가능한가요?

세무 고수님들의 고견 부탁드립니다.","3,100",0.0,8.0,3.0,진주 안다,2018.02.08. 20:36,180만이면 반년 매출이 1억 이상 인가봐요,False,
2024-02-14 15:27:47,• 세무·노무·법률,Comment,93032,일반과세자 간편장부 대상인데 굳이 세무사에 맡겨야 하나요?,군포 스텔라노쩨,직원,2018.02.08. 17:43,"안녕하세요 군포에서 배달음식점을 하고 있습니다.

현재 일반과세자 간편장부 대상자로 기장을 직접하고 있습니다.
일반과세자 전환으로 작년 7월 부터 전환이 되었는데 이번 17년 하반기 부가세 신고 180만원 정도 납부하고 충격받아서요 ㅜㅜ
간이과세자일 때와 비교 부가세 납부가 완전 차원이 다르더라고요

이번 부가세를 내고 나니 다가오는 5월 종소세 납부 생각에 갑자기 아찔해졌습니다.

세무사랑 상담한 결과 이정도 부가세면 대략 4-500만원 정도 선의 종소세 부담이 예상된다고 하더라고요 하지만 세무사에 맡겨 조정을 한다면 적정한 2-300선에 맞추는게 가능하다고 아님 더 그 이상도..

기장을 직접하면서 재밌기도 하고 기장료 및 조정료 절감도 되고 혼자 충분히 종소세 신고도 가능할것 같은데 실제 4-500만원 선이 나온다면 멘탈이 나갈 것 같습니다. 그냥 이대로 세무사에게 맡기는게 답인가요?

부가세 부분은 전산적으로 처리가 되기 때문에 절세의 한계가 있는가 반면 종소세는 세무사를 끼고 하면 절세(약간 편법 포함)가 무궁무진하다고 유혹하는데 어찌하는게 현명한 방법일까요?

결론적으로 말씀 드리면,
일반과세자 간편장부 대상자가 직접 기장 / 직접 신고를 하면 세무사에 맡기는 것에 비해 물리적 한계가 뚜렷하나요? 아님 공부를 열심히 한다면 그 갭을 극복 가능한가요?

세무 고수님들의 고견 부탁드립니다.","3,100",0.0,8.0,4.0,인천회계사세무사,2018.02.27. 16:12,공부 열씸히 하시면 갭을 극복 할 수 있습니다~! 화이팅 입니다~!,False,
2024-02-14 15:27:47,• 세무·노무·법률,Comment,93032,일반과세자 간편장부 대상인데 굳이 세무사에 맡겨야 하나요?,군포 스텔라노쩨,직원,2018.02.08. 17:43,"안녕하세요 군포에서 배달음식점을 하고 있습니다.

현재 일반과세자 간편장부 대상자로 기장을 직접하고 있습니다.
일반과세자 전환으로 작년 7월 부터 전환이 되었는데 이번 17년 하반기 부가세 신고 180만원 정도 납부하고 충격받아서요 ㅜㅜ
간이과세자일 때와 비교 부가세 납부가 완전 차원이 다르더라고요

이번 부가세를 내고 나니 다가오는 5월 종소세 납부 생각에 갑자기 아찔해졌습니다.

세무사랑 상담한 결과 이정도 부가세면 대략 4-500만원 정도 선의 종소세 부담이 예상된다고 하더라고요 하지만 세무사에 맡겨 조정을 한다면 적정한 2-300선에 맞추는게 가능하다고 아님 더 그 이상도..

기장을 직접하면서 재밌기도 하고 기장료 및 조정료 절감도 되고 혼자 충분히 종소세 신고도 가능할것 같은데 실제 4-500만원 선이 나온다면 멘탈이 나갈 것 같습니다. 그냥 이대로 세무사에게 맡기는게 답인가요?

부가세 부분은 전산적으로 처리가 되기 때문에 절세의 한계가 있는가 반면 종소세는 세무사를 끼고 하면 절세(약간 편법 포함)가 무궁무진하다고 유혹하는데 어찌하는게 현명한 방법일까요?

결론적으로 말씀 드리면,
일반과세자 간편장부 대상자가 직접 기장 / 직접 신고를 하면 세무사에 맡기는 것에 비해 물리적 한계가 뚜렷하나요? 아님 공부를 열심히 한다면 그 갭을 극복 가능한가요?

세무 고수님들의 고견 부탁드립니다.","3,100",0.0,8.0,5.0,인천 딸엄마,2018.03.12. 10:32,저는 아직 개업 전이라 처음엔 세무사 끼고 하고 나중에 공부해서 직접 기장해볼까 합니다. 군포님께서 질문 후 세무사에게 맡기셨는지 직접하시기로 하셨는지 궁금하네요..^^,False,
2024-02-14 15:27:47,• 세무·노무·법률,Comment,93032,일반과세자 간편장부 대상인데 굳이 세무사에 맡겨야 하나요?,군포 스텔라노쩨,직원,2018.02.08. 17:43,"안녕하세요 군포에서 배달음식점을 하고 있습니다.

현재 일반과세자 간편장부 대상자로 기장을 직접하고 있습니다.
일반과세자 전환으로 작년 7월 부터 전환이 되었는데 이번 17년 하반기 부가세 신고 180만원 정도 납부하고 충격받아서요 ㅜㅜ
간이과세자일 때와 비교 부가세 납부가 완전 차원이 다르더라고요

이번 부가세를 내고 나니 다가오는 5월 종소세 납부 생각에 갑자기 아찔해졌습니다.

세무사랑 상담한 결과 이정도 부가세면 대략 4-500만원 정도 선의 종소세 부담이 예상된다고 하더라고요 하지만 세무사에 맡겨 조정을 한다면 적정한 2-300선에 맞추는게 가능하다고 아님 더 그 이상도..

기장을 직접하면서 재밌기도 하고 기장료 및 조정료 절감도 되고 혼자 충분히 종소세 신고도 가능할것 같은데 실제 4-500만원 선이 나온다면 멘탈이 나갈 것 같습니다. 그냥 이대로 세무사에게 맡기는게 답인가요?

부가세 부분은 전산적으로 처리가 되기 때문에 절세의 한계가 있는가 반면 종소세는 세무사를 끼고 하면 절세(약간 편법 포함)가 무궁무진하다고 유혹하는데 어찌하는게 현명한 방법일까요?

결론적으로 말씀 드리면,
일반과세자 간편장부 대상자가 직접 기장 / 직접 신고를 하면 세무사에 맡기는 것에 비해 물리적 한계가 뚜렷하나요? 아님 공부를 열심히 한다면 그 갭을 극복 가능한가요?

세무 고수님들의 고견 부탁드립니다.","3,100",0.0,8.0,6.0,군포 스텔라노쩨,2018.03.12. 12:21,"결론적으로는 세무사에 맡겼습니다.

개인기장으로 하면 기장료나 조정료를 아낄 수는 있지만 종소세 신고시 갭은 확실히 있을거란 생각에요 ㅜ",True,인천 딸엄마
2024-02-14 15:27:47,• 세무·노무·법률,Comment,93032,일반과세자 간편장부 대상인데 굳이 세무사에 맡겨야 하나요?,군포 스텔라노쩨,직원,2018.02.08. 17:43,"안녕하세요 군포에서 배달음식점을 하고 있습니다.

현재 일반과세자 간편장부 대상자로 기장을 직접하고 있습니다.
일반과세자 전환으로 작년 7월 부터 전환이 되었는데 이번 17년 하반기 부가세 신고 180만원 정도 납부하고 충격받아서요 ㅜㅜ
간이과세자일 때와 비교 부가세 납부가 완전 차원이 다르더라고요

이번 부가세를 내고 나니 다가오는 5월 종소세 납부 생각에 갑자기 아찔해졌습니다.

세무사랑 상담한 결과 이정도 부가세면 대략 4-500만원 정도 선의 종소세 부담이 예상된다고 하더라고요 하지만 세무사에 맡겨 조정을 한다면 적정한 2-300선에 맞추는게 가능하다고 아님 더 그 이상도..

기장을 직접하면서 재밌기도 하고 기장료 및 조정료 절감도 되고 혼자 충분히 종소세 신고도 가능할것 같은데 실제 4-500만원 선이 나온다면 멘탈이 나갈 것 같습니다. 그냥 이대로 세무사에게 맡기는게 답인가요?

부가세 부분은 전산적으로 처리가 되기 때문에 절세의 한계가 있는가 반면 종소세는 세무사를 끼고 하면 절세(약간 편법 포함)가 무궁무진하다고 유혹하는데 어찌하는게 현명한 방법일까요?

결론적으로 말씀 드리면,
일반과세자 간편장부 대상자가 직접 기장 / 직접 신고를 하면 세무사에 맡기는 것에 비해 물리적 한계가 뚜렷하나요? 아님 공부를 열심히 한다면 그 갭을 극복 가능한가요?

세무 고수님들의 고견 부탁드립니다.","3,100",0.0,8.0,7.0,인천 딸엄마,2018.03.12. 12:24,군포 스텔라노쩨답글 감사합니다^^ 아무래도 처음에늠 맡겨야 할거 같아요. 사업 번창하세요ㅇ,True,인천 딸엄마
2024-02-14 15:27:47,• 세무·노무·법률,Comment,93032,일반과세자 간편장부 대상인데 굳이 세무사에 맡겨야 하나요?,군포 스텔라노쩨,직원,2018.02.08. 17:43,"안녕하세요 군포에서 배달음식점을 하고 있습니다.

현재 일반과세자 간편장부 대상자로 기장을 직접하고 있습니다.
일반과세자 전환으로 작년 7월 부터 전환이 되었는데 이번 17년 하반기 부가세 신고 180만원 정도 납부하고 충격받아서요 ㅜㅜ
간이과세자일 때와 비교 부가세 납부가 완전 차원이 다르더라고요

이번 부가세를 내고 나니 다가오는 5월 종소세 납부 생각에 갑자기 아찔해졌습니다.

세무사랑 상담한 결과 이정도 부가세면 대략 4-500만원 정도 선의 종소세 부담이 예상된다고 하더라고요 하지만 세무사에 맡겨 조정을 한다면 적정한 2-300선에 맞추는게 가능하다고 아님 더 그 이상도..

기장을 직접하면서 재밌기도 하고 기장료 및 조정료 절감도 되고 혼자 충분히 종소세 신고도 가능할것 같은데 실제 4-500만원 선이 나온다면 멘탈이 나갈 것 같습니다. 그냥 이대로 세무사에게 맡기는게 답인가요?

부가세 부분은 전산적으로 처리가 되기 때문에 절세의 한계가 있는가 반면 종소세는 세무사를 끼고 하면 절세(약간 편법 포함)가 무궁무진하다고 유혹하는데 어찌하는게 현명한 방법일까요?

결론적으로 말씀 드리면,
일반과세자 간편장부 대상자가 직접 기장 / 직접 신고를 하면 세무사에 맡기는 것에 비해 물리적 한계가 뚜렷하나요? 아님 공부를 열심히 한다면 그 갭을 극복 가능한가요?

세무 고수님들의 고견 부탁드립니다.","3,100",0.0,8.0,8.0,서울 강북쥐,2018.03.13. 10:59,얼마전에 제가 고민하던거랑 비슷하네요 ㅋㅋㅋㅋㅋ저도 제가 감당할수 있을거라 생각했는데... 힘들어서 결국 언니가 기장을 맡겼어요 ㅋㅋㅋㅋ근데 새로 찾은데가 기장료가 40퍼 정도 싸게 해준데서 ㅋㅋㅋㅋ 오히려 기장은 싸게하면 맘편하고 좋은기회인것같아요~^^,False,
,,,93033,,,,,,,,,,,,,,
,,,93034,,,,,,,,,,,,,,
,,,93035,,,,,,,,,,,,,,
2024-02-14 15:28:28,-,Post,93036,안녕하세요~,의정부 와니아빠,,2018.02.08. 17:47,"▶ 의정부



▶ 휴대폰 판매점
 


▶ 30대 초반
 


▶ 휴대폰판매&사설수리점 같이하고있어요^^


▶ YES",35,0.0,2.0,,,,,,
2024-02-14 15:28:28,-,Comment,93036,안녕하세요~,의정부 와니아빠,,2018.02.08. 17:47,"▶ 의정부



▶ 휴대폰 판매점
 


▶ 30대 초반
 


▶ 휴대폰판매&사설수리점 같이하고있어요^^


▶ YES",35,0.0,2.0,1.0,광명 빠돌이,2018.02.08. 17:48,방갑습니다^^,False,
2024-02-14 15:28:28,-,Comment,93036,안녕하세요~,의정부 와니아빠,,2018.02.08. 17:47,"▶ 의정부



▶ 휴대폰 판매점
 


▶ 30대 초반
 


▶ 휴대폰판매&사설수리점 같이하고있어요^^


▶ YES",35,0.0,2.0,2.0,대구 지우맘,2018.02.08. 20:10,반가워요,False,
,,,93037,,,,,,,,,,,,,,
,,,93038,,,,,,,,,,,,,,
2024-02-14 15:28:59,-,Post,93039,의정부에서 백수 중입니다^^,파일럿,직원,2018.02.08. 17:54,"의정부▶



▶ 무직
 


▶ 30대
 


▶창업 준비 중입니다


▶ 네",99,0.0,2.0,,,,,,
2024-02-14 15:28:59,-,Comment,93039,의정부에서 백수 중입니다^^,파일럿,직원,2018.02.08. 17:54,"의정부▶



▶ 무직
 


▶ 30대
 


▶창업 준비 중입니다


▶ 네",99,0.0,2.0,1.0,아메리카,2018.02.08. 18:15,저두요ㅋ,False,
2024-02-14 15:28:59,-,Comment,93039,의정부에서 백수 중입니다^^,파일럿,직원,2018.02.08. 17:54,"의정부▶



▶ 무직
 


▶ 30대
 


▶창업 준비 중입니다


▶ 네",99,0.0,2.0,2.0,의정부부동산창업,2018.02.09. 20:10,"반가워요.
요즘 아이스크림 할인점 핫 하더라고요.",False,
2024-02-14 15:29:09,-,Post,93040,안녕하세요~서울에서 창업 준비중에있습니다.,서울인더팍스,직원,2018.02.08. 17:54,"▶ 서울



▶ 곱창
 


▶ 30중반



▶ 서울에서 창업준비중에 있습니다. 이것저것 정보 얻어가고 싶어서 가입했습니다. 잘부탁드립니다.


▶ 네",43,0.0,1.0,,,,,,
2024-02-14 15:29:09,-,Comment,93040,안녕하세요~서울에서 창업 준비중에있습니다.,서울인더팍스,직원,2018.02.08. 17:54,"▶ 서울



▶ 곱창
 


▶ 30중반



▶ 서울에서 창업준비중에 있습니다. 이것저것 정보 얻어가고 싶어서 가입했습니다. 잘부탁드립니다.


▶ 네",43,0.0,1.0,1.0,서울 태양의맛대표,2018.02.11. 21:49,반갑습니다 ^^,False,
,,,93041,,,,,,,,,,,,,,
2024-02-14 15:29:30,• 카페·제과·디저트,Post,93042,이디야 양도양수후 인테리어 리뉴얼 해야하나요?,메이플라워,직원,2018.02.08. 17:58,"본사에서 리뉴얼 강요는 없다고 들었는데 궁금합니다
            오늘의명언
자신감은 위대한 과업의 첫째 요건이다.
-Samuel Johnson-",606,0.0,4.0,,,,,,
2024-02-14 15:29:30,• 카페·제과·디저트,Comment,93042,이디야 양도양수후 인테리어 리뉴얼 해야하나요?,메이플라워,직원,2018.02.08. 17:58,"본사에서 리뉴얼 강요는 없다고 들었는데 궁금합니다
            오늘의명언
자신감은 위대한 과업의 첫째 요건이다.
-Samuel Johnson-",606,0.0,4.0,1.0,연스지,2018.02.08. 18:02,딱히없어요~,False,
2024-02-14 15:29:30,• 카페·제과·디저트,Comment,93042,이디야 양도양수후 인테리어 리뉴얼 해야하나요?,메이플라워,직원,2018.02.08. 17:58,"본사에서 리뉴얼 강요는 없다고 들었는데 궁금합니다
            오늘의명언
자신감은 위대한 과업의 첫째 요건이다.
-Samuel Johnson-",606,0.0,4.0,2.0,메이플라워,2018.02.08. 18:14,그렇군요~감사합니다,False,
2024-02-14 15:29:30,• 카페·제과·디저트,Comment,93042,이디야 양도양수후 인테리어 리뉴얼 해야하나요?,메이플라워,직원,2018.02.08. 17:58,"본사에서 리뉴얼 강요는 없다고 들었는데 궁금합니다
            오늘의명언
자신감은 위대한 과업의 첫째 요건이다.
-Samuel Johnson-",606,0.0,4.0,3.0,동탄재니애니아빠,2018.02.08. 19:12,지금은 법이 바뀌여서 리뉴얼 강요할 수 없어요. 그리고 해당자리에서 하게 되면 본사에서 더 많은 비용을 부담하도록 되어 있습니다,False,
2024-02-14 15:29:30,• 카페·제과·디저트,Comment,93042,이디야 양도양수후 인테리어 리뉴얼 해야하나요?,메이플라워,직원,2018.02.08. 17:58,"본사에서 리뉴얼 강요는 없다고 들었는데 궁금합니다
            오늘의명언
자신감은 위대한 과업의 첫째 요건이다.
-Samuel Johnson-",606,0.0,4.0,4.0,커피배,2018.02.10. 02:22,없지요~~~,False,
,,,93043,,,,,,,,,,,,,,
2024-02-14 15:29:50,• 레저·오락·스크린,Post,93044,노래방 질문있어요..!,광주 훈쓰,직원,2018.02.08. 18:02,"이번에 노래방알아보고 다니다가 
 권리금 괜찮은데 4층이라 고민이 좀 됍니다ㅠ
엘베는 있지만요
 사실 이쪽 상권이 전부 도우미쓰는곳인데요
 4층 상관없을까요??
             오늘의명언
자신감은 위대한 과업의 첫째 요건이다.
-Samuel Johnson-",421,0.0,4.0,,,,,,
2024-02-14 15:29:50,• 레저·오락·스크린,Comment,93044,노래방 질문있어요..!,광주 훈쓰,직원,2018.02.08. 18:02,"이번에 노래방알아보고 다니다가 
 권리금 괜찮은데 4층이라 고민이 좀 됍니다ㅠ
엘베는 있지만요
 사실 이쪽 상권이 전부 도우미쓰는곳인데요
 4층 상관없을까요??
             오늘의명언
자신감은 위대한 과업의 첫째 요건이다.
-Samuel Johnson-",421,0.0,4.0,1.0,서울 구멍가게,2018.02.08. 18:06,"저의 동네 5층에 코인노래방 있어요 엘베 있고요.
장사 안되요 ;;
상권에 따라 달라질수 있으니 잘고민해보세요.",False,
2024-02-14 15:29:50,• 레저·오락·스크린,Comment,93044,노래방 질문있어요..!,광주 훈쓰,직원,2018.02.08. 18:02,"이번에 노래방알아보고 다니다가 
 권리금 괜찮은데 4층이라 고민이 좀 됍니다ㅠ
엘베는 있지만요
 사실 이쪽 상권이 전부 도우미쓰는곳인데요
 4층 상관없을까요??
             오늘의명언
자신감은 위대한 과업의 첫째 요건이다.
-Samuel Johnson-",421,0.0,4.0,2.0,니나노3,2018.02.09. 23:32,저희 동네에도 5충에 노래방있어요~,False,
2024-02-14 15:29:50,• 레저·오락·스크린,Comment,93044,노래방 질문있어요..!,광주 훈쓰,직원,2018.02.08. 18:02,"이번에 노래방알아보고 다니다가 
 권리금 괜찮은데 4층이라 고민이 좀 됍니다ㅠ
엘베는 있지만요
 사실 이쪽 상권이 전부 도우미쓰는곳인데요
 4층 상관없을까요??
             오늘의명언
자신감은 위대한 과업의 첫째 요건이다.
-Samuel Johnson-",421,0.0,4.0,3.0,인천 발빠른퀵,2018.02.10. 21:39,"여긴 4층도 있는데 장사 잘되요 도우미분들이 좀 상태 좋아서?그런지도 모르겠네요
가끔 직원들이랑 노래방갔다가 언니들 불러주고 나오거든요 위치/도우미/물 중요하네요
잘 알아보시길 바래요",False,
2024-02-14 15:29:50,• 레저·오락·스크린,Comment,93044,노래방 질문있어요..!,광주 훈쓰,직원,2018.02.08. 18:02,"이번에 노래방알아보고 다니다가 
 권리금 괜찮은데 4층이라 고민이 좀 됍니다ㅠ
엘베는 있지만요
 사실 이쪽 상권이 전부 도우미쓰는곳인데요
 4층 상관없을까요??
             오늘의명언
자신감은 위대한 과업의 첫째 요건이다.
-Samuel Johnson-",421,0.0,4.0,4.0,sksemsah133,2018.02.26. 21:27,건전노래방인가요 그리고 4층이면 메인간판무조건있어야합니다 없으시면 쳐다도보지마세요 ^,False,
,,,93045,,,,,,,,,,,,,,
,,,93046,,,,,,,,,,,,,,
,,,93047,,,,,,,,,,,,,,
2024-02-14 15:30:32,-,Post,93048,사장되니까~,영천천유,직원,2018.02.08. 18:06,"▶ 경북영천



▶ 굼벵이 오골계 사육
 


▶ 60대
 


▶ 열정적으로 주어진 일에 충실합니다


▶",248,0.0,4.0,,,,,,
2024-02-14 15:30:32,-,Comment,93048,사장되니까~,영천천유,직원,2018.02.08. 18:06,"▶ 경북영천



▶ 굼벵이 오골계 사육
 


▶ 60대
 


▶ 열정적으로 주어진 일에 충실합니다


▶",248,0.0,4.0,1.0,아메리카,2018.02.08. 18:15,수고하십시오,False,
2024-02-14 15:30:32,-,Comment,93048,사장되니까~,영천천유,직원,2018.02.08. 18:06,"▶ 경북영천



▶ 굼벵이 오골계 사육
 


▶ 60대
 


▶ 열정적으로 주어진 일에 충실합니다


▶",248,0.0,4.0,2.0,전북v김준혁,2018.02.08. 18:23,어서오세요,False,
2024-02-14 15:30:32,-,Comment,93048,사장되니까~,영천천유,직원,2018.02.08. 18:06,"▶ 경북영천



▶ 굼벵이 오골계 사육
 


▶ 60대
 


▶ 열정적으로 주어진 일에 충실합니다


▶",248,0.0,4.0,3.0,부산 푸홀스,2018.02.08. 18:38,방갑습니다,False,
2024-02-14 15:30:32,-,Comment,93048,사장되니까~,영천천유,직원,2018.02.08. 18:06,"▶ 경북영천



▶ 굼벵이 오골계 사육
 


▶ 60대
 


▶ 열정적으로 주어진 일에 충실합니다


▶",248,0.0,4.0,4.0,최정상,2018.02.08. 19:53,어서오세요~~,False,
,,,93049,,,,,,,,,,,,,,
,,,93050,,,,,,,,,,,,,,
2024-02-14 15:31:06,-,Post,93051,아버할준비되었습니다,아메리카,직원,2018.02.08. 18:13,"잘부탁합니다
 
    ▶경기도광주

  ▶ 의류
 
  ▶ 30
    ▶반갑습니다
   ▶",101,0.0,0.0,,,,,,
,,,93052,,,,,,,,,,,,,,
2024-02-14 15:31:28,-,Post,93053,안녕하세요 학동역부근에 카페 하고있습니다.,smart park,직원,2018.02.08. 18:18,강남에 작은 카페하나 운영중입니다.,65,0.0,2.0,,,,,,
2024-02-14 15:31:28,-,Comment,93053,안녕하세요 학동역부근에 카페 하고있습니다.,smart park,직원,2018.02.08. 18:18,강남에 작은 카페하나 운영중입니다.,65,0.0,2.0,1.0,경기도 호랭이,2018.02.08. 20:49,반갑습니다,False,
2024-02-14 15:31:28,-,Comment,93053,안녕하세요 학동역부근에 카페 하고있습니다.,smart park,직원,2018.02.08. 18:18,강남에 작은 카페하나 운영중입니다.,65,0.0,2.0,2.0,드림컴퍼니,2018.02.08. 20:58,안녕하세요,False,
2024-02-14 15:31:38,-,Post,93054,서울에서 창업 준비중입니다..^^,쇼캐스트,직원,2018.02.08. 18:20,"▶ 서울

  ▶ 준비중입니다.
 
  ▶ 40대
    ▶ 창업을 준비중입니다..^^
   ▶ yes",48,0.0,6.0,,,,,,
2024-02-14 15:31:38,-,Comment,93054,서울에서 창업 준비중입니다..^^,쇼캐스트,직원,2018.02.08. 18:20,"▶ 서울

  ▶ 준비중입니다.
 
  ▶ 40대
    ▶ 창업을 준비중입니다..^^
   ▶ yes",48,0.0,6.0,1.0,김퍼즐,2018.02.08. 18:37,안녕하세요 ^^,False,
2024-02-14 15:31:38,-,Comment,93054,서울에서 창업 준비중입니다..^^,쇼캐스트,직원,2018.02.08. 18:20,"▶ 서울

  ▶ 준비중입니다.
 
  ▶ 40대
    ▶ 창업을 준비중입니다..^^
   ▶ yes",48,0.0,6.0,2.0,오투다,2018.02.08. 19:04,반갑습니다,False,
2024-02-14 15:31:38,-,Comment,93054,서울에서 창업 준비중입니다..^^,쇼캐스트,직원,2018.02.08. 18:20,"▶ 서울

  ▶ 준비중입니다.
 
  ▶ 40대
    ▶ 창업을 준비중입니다..^^
   ▶ yes",48,0.0,6.0,3.0,웃흥이,2018.02.08. 20:01,화이팅,False,
2024-02-14 15:31:38,-,Comment,93054,서울에서 창업 준비중입니다..^^,쇼캐스트,직원,2018.02.08. 18:20,"▶ 서울

  ▶ 준비중입니다.
 
  ▶ 40대
    ▶ 창업을 준비중입니다..^^
   ▶ yes",48,0.0,6.0,4.0,대구 지우맘,2018.02.08. 20:04,반깁습니다,False,
2024-02-14 15:31:38,-,Comment,93054,서울에서 창업 준비중입니다..^^,쇼캐스트,직원,2018.02.08. 18:20,"▶ 서울

  ▶ 준비중입니다.
 
  ▶ 40대
    ▶ 창업을 준비중입니다..^^
   ▶ yes",48,0.0,6.0,5.0,경기 멍모리,2018.02.08. 20:41,반갑습니다,False,
2024-02-14 15:31:38,-,Comment,93054,서울에서 창업 준비중입니다..^^,쇼캐스트,직원,2018.02.08. 18:20,"▶ 서울

  ▶ 준비중입니다.
 
  ▶ 40대
    ▶ 창업을 준비중입니다..^^
   ▶ yes",48,0.0,6.0,6.0,대구 불독,2018.02.08. 21:52,안녕하세요,False,
,,,93055,,,,,,,,,,,,,,
2024-02-14 15:32:01,• 음식·외식·배달,Post,93056,안녕하세요 ~ 질문이있습니다. (도움 좀 주세요),서울인더팍스,직원,2018.02.08. 18:27,"안녕하세요 ~서울에서  곱창집을 하나 운영중입니다.
요새 불경기이지만 사람들이 그래도 꾸준이 찾아주어서 그런지 어느정도는 꾸려가고있네요. 
얼마전에 손님 중 한분이 가게를 같은걸로 해서 내고 싶다고 하셔서. 일단 알겠다고 하고
이것저것 준비하고 설명해드릴려고 필요한 것들을 작성중에 걸리는것들이 있어서 문의드려요.
 1. 프렌차이즈가 아니기 때문에 가맹비나 이런것들은 어떻게 받아야하나요??도움비??
2. 소스를 팔건데 어떻게 팔아야하나요?
 위에있는 것 들이 해결이 되더라도 나중에 제가 소스 판매를 할때
개인적으로 따로 파는게 불법이기 때문에 사이라도 안좋아지거나 세금계산서를 요청을 할 경우를 생각하다 보니깐..문제가 일어날 방법을 애초에 방지 하고자 구청가서 방법을 문의를 드렸는데 즉석판매제조.가공업으로 따로 공간을 얻거나 파티션으로 분류를 해서 공간을 따로 신고를 하라는데 ..어떻게 이게 음식점 가게에서 가능이나..할지..그렇다고 식품제조가공업으로 가기에는
배보다 배꼽이 더 커지는 경우라 ... 어떤 방법이 좋을까요..
 아예 공간을 하나 얻는게 속편할 일 일까요?..
   











오늘의명언
자신감은 위대한 과업의 첫째 요건이다.
-Samuel Johnson-",490,1.0,20.0,,,,,,
2024-02-14 15:32:01,• 음식·외식·배달,Comment,93056,안녕하세요 ~ 질문이있습니다. (도움 좀 주세요),서울인더팍스,직원,2018.02.08. 18:27,"안녕하세요 ~서울에서  곱창집을 하나 운영중입니다.
요새 불경기이지만 사람들이 그래도 꾸준이 찾아주어서 그런지 어느정도는 꾸려가고있네요. 
얼마전에 손님 중 한분이 가게를 같은걸로 해서 내고 싶다고 하셔서. 일단 알겠다고 하고
이것저것 준비하고 설명해드릴려고 필요한 것들을 작성중에 걸리는것들이 있어서 문의드려요.
 1. 프렌차이즈가 아니기 때문에 가맹비나 이런것들은 어떻게 받아야하나요??도움비??
2. 소스를 팔건데 어떻게 팔아야하나요?
 위에있는 것 들이 해결이 되더라도 나중에 제가 소스 판매를 할때
개인적으로 따로 파는게 불법이기 때문에 사이라도 안좋아지거나 세금계산서를 요청을 할 경우를 생각하다 보니깐..문제가 일어날 방법을 애초에 방지 하고자 구청가서 방법을 문의를 드렸는데 즉석판매제조.가공업으로 따로 공간을 얻거나 파티션으로 분류를 해서 공간을 따로 신고를 하라는데 ..어떻게 이게 음식점 가게에서 가능이나..할지..그렇다고 식품제조가공업으로 가기에는
배보다 배꼽이 더 커지는 경우라 ... 어떤 방법이 좋을까요..
 아예 공간을 하나 얻는게 속편할 일 일까요?..
   











오늘의명언
자신감은 위대한 과업의 첫째 요건이다.
-Samuel Johnson-",490,1.0,20.0,1.0,고민고민,2018.02.08. 18:39,"지금 혹시 지금 비과세 이시면 세금 생각해 보셔야할것 듵아요.
제조.가공은 일반과세 라서 같은 가게에서 하시면 일반과세 처리되요.
원래 일반과세자 이시던 분들은 가게 구석진 곳에 간이벽 만들어 하시던데요.",False,
2024-02-14 15:32:01,• 음식·외식·배달,Comment,93056,안녕하세요 ~ 질문이있습니다. (도움 좀 주세요),서울인더팍스,직원,2018.02.08. 18:27,"안녕하세요 ~서울에서  곱창집을 하나 운영중입니다.
요새 불경기이지만 사람들이 그래도 꾸준이 찾아주어서 그런지 어느정도는 꾸려가고있네요. 
얼마전에 손님 중 한분이 가게를 같은걸로 해서 내고 싶다고 하셔서. 일단 알겠다고 하고
이것저것 준비하고 설명해드릴려고 필요한 것들을 작성중에 걸리는것들이 있어서 문의드려요.
 1. 프렌차이즈가 아니기 때문에 가맹비나 이런것들은 어떻게 받아야하나요??도움비??
2. 소스를 팔건데 어떻게 팔아야하나요?
 위에있는 것 들이 해결이 되더라도 나중에 제가 소스 판매를 할때
개인적으로 따로 파는게 불법이기 때문에 사이라도 안좋아지거나 세금계산서를 요청을 할 경우를 생각하다 보니깐..문제가 일어날 방법을 애초에 방지 하고자 구청가서 방법을 문의를 드렸는데 즉석판매제조.가공업으로 따로 공간을 얻거나 파티션으로 분류를 해서 공간을 따로 신고를 하라는데 ..어떻게 이게 음식점 가게에서 가능이나..할지..그렇다고 식품제조가공업으로 가기에는
배보다 배꼽이 더 커지는 경우라 ... 어떤 방법이 좋을까요..
 아예 공간을 하나 얻는게 속편할 일 일까요?..
   











오늘의명언
자신감은 위대한 과업의 첫째 요건이다.
-Samuel Johnson-",490,1.0,20.0,2.0,서울인더팍스,2018.02.08. 18:52,"저희는 일반과세에요~
구청직원이랑 상담할때도 간이벽(파티션)을 이야기 하던데...음식점인 공간에서
그게 가능할까요?직원이 공간을 따로 분리해야된다고 하던데...분리라는 개념이 임대계약서 부터 말하는건지...",True,고민고민
2024-02-14 15:32:01,• 음식·외식·배달,Comment,93056,안녕하세요 ~ 질문이있습니다. (도움 좀 주세요),서울인더팍스,직원,2018.02.08. 18:27,"안녕하세요 ~서울에서  곱창집을 하나 운영중입니다.
요새 불경기이지만 사람들이 그래도 꾸준이 찾아주어서 그런지 어느정도는 꾸려가고있네요. 
얼마전에 손님 중 한분이 가게를 같은걸로 해서 내고 싶다고 하셔서. 일단 알겠다고 하고
이것저것 준비하고 설명해드릴려고 필요한 것들을 작성중에 걸리는것들이 있어서 문의드려요.
 1. 프렌차이즈가 아니기 때문에 가맹비나 이런것들은 어떻게 받아야하나요??도움비??
2. 소스를 팔건데 어떻게 팔아야하나요?
 위에있는 것 들이 해결이 되더라도 나중에 제가 소스 판매를 할때
개인적으로 따로 파는게 불법이기 때문에 사이라도 안좋아지거나 세금계산서를 요청을 할 경우를 생각하다 보니깐..문제가 일어날 방법을 애초에 방지 하고자 구청가서 방법을 문의를 드렸는데 즉석판매제조.가공업으로 따로 공간을 얻거나 파티션으로 분류를 해서 공간을 따로 신고를 하라는데 ..어떻게 이게 음식점 가게에서 가능이나..할지..그렇다고 식품제조가공업으로 가기에는
배보다 배꼽이 더 커지는 경우라 ... 어떤 방법이 좋을까요..
 아예 공간을 하나 얻는게 속편할 일 일까요?..
   











오늘의명언
자신감은 위대한 과업의 첫째 요건이다.
-Samuel Johnson-",490,1.0,20.0,3.0,고민고민,2018.02.08. 19:15,"서울인더팍스석고보드로 가게안에 간이벽 쳐서 문하나 달면되던데요. 벽으로 공간 나누면 된데요.
제가 아시는 분도 그렇게해서 허가 받았어요.",True,고민고민
2024-02-14 15:32:01,• 음식·외식·배달,Comment,93056,안녕하세요 ~ 질문이있습니다. (도움 좀 주세요),서울인더팍스,직원,2018.02.08. 18:27,"안녕하세요 ~서울에서  곱창집을 하나 운영중입니다.
요새 불경기이지만 사람들이 그래도 꾸준이 찾아주어서 그런지 어느정도는 꾸려가고있네요. 
얼마전에 손님 중 한분이 가게를 같은걸로 해서 내고 싶다고 하셔서. 일단 알겠다고 하고
이것저것 준비하고 설명해드릴려고 필요한 것들을 작성중에 걸리는것들이 있어서 문의드려요.
 1. 프렌차이즈가 아니기 때문에 가맹비나 이런것들은 어떻게 받아야하나요??도움비??
2. 소스를 팔건데 어떻게 팔아야하나요?
 위에있는 것 들이 해결이 되더라도 나중에 제가 소스 판매를 할때
개인적으로 따로 파는게 불법이기 때문에 사이라도 안좋아지거나 세금계산서를 요청을 할 경우를 생각하다 보니깐..문제가 일어날 방법을 애초에 방지 하고자 구청가서 방법을 문의를 드렸는데 즉석판매제조.가공업으로 따로 공간을 얻거나 파티션으로 분류를 해서 공간을 따로 신고를 하라는데 ..어떻게 이게 음식점 가게에서 가능이나..할지..그렇다고 식품제조가공업으로 가기에는
배보다 배꼽이 더 커지는 경우라 ... 어떤 방법이 좋을까요..
 아예 공간을 하나 얻는게 속편할 일 일까요?..
   











오늘의명언
자신감은 위대한 과업의 첫째 요건이다.
-Samuel Johnson-",490,1.0,20.0,4.0,서울인더팍스,2018.02.08. 19:01,고민고민그러면 소스를 파는건 괜찮은건가요? 즉석제조가공업은 완성품을 만들어서 파는거라고 하는데 저희같은경우에는 완성품이 아니라 소스를 파는거라...,True,고민고민
2024-02-14 15:32:01,• 음식·외식·배달,Comment,93056,안녕하세요 ~ 질문이있습니다. (도움 좀 주세요),서울인더팍스,직원,2018.02.08. 18:27,"안녕하세요 ~서울에서  곱창집을 하나 운영중입니다.
요새 불경기이지만 사람들이 그래도 꾸준이 찾아주어서 그런지 어느정도는 꾸려가고있네요. 
얼마전에 손님 중 한분이 가게를 같은걸로 해서 내고 싶다고 하셔서. 일단 알겠다고 하고
이것저것 준비하고 설명해드릴려고 필요한 것들을 작성중에 걸리는것들이 있어서 문의드려요.
 1. 프렌차이즈가 아니기 때문에 가맹비나 이런것들은 어떻게 받아야하나요??도움비??
2. 소스를 팔건데 어떻게 팔아야하나요?
 위에있는 것 들이 해결이 되더라도 나중에 제가 소스 판매를 할때
개인적으로 따로 파는게 불법이기 때문에 사이라도 안좋아지거나 세금계산서를 요청을 할 경우를 생각하다 보니깐..문제가 일어날 방법을 애초에 방지 하고자 구청가서 방법을 문의를 드렸는데 즉석판매제조.가공업으로 따로 공간을 얻거나 파티션으로 분류를 해서 공간을 따로 신고를 하라는데 ..어떻게 이게 음식점 가게에서 가능이나..할지..그렇다고 식품제조가공업으로 가기에는
배보다 배꼽이 더 커지는 경우라 ... 어떤 방법이 좋을까요..
 아예 공간을 하나 얻는게 속편할 일 일까요?..
   











오늘의명언
자신감은 위대한 과업의 첫째 요건이다.
-Samuel Johnson-",490,1.0,20.0,5.0,고민고민,2018.02.08. 19:22,"서울인더팍스소스는 제조라서 괜찮지 않을까 싶은데 구청에 문의해보세요.
제가 아시는 분은 간이사업자 커피가게를 했었거든요.
원두도 볶아서(로스팅) 팔려고 커피가게 뒤쪽을 칸막이로 했는데 전면의 반은 유리로 해서 좁아보이지도 않고 괜찮더라고요.
그런데 한 가게에 있어 사업자등록증이 제조업으로 나오고 일반사업자로 가게 한데요.",True,고민고민
2024-02-14 15:32:01,• 음식·외식·배달,Comment,93056,안녕하세요 ~ 질문이있습니다. (도움 좀 주세요),서울인더팍스,직원,2018.02.08. 18:27,"안녕하세요 ~서울에서  곱창집을 하나 운영중입니다.
요새 불경기이지만 사람들이 그래도 꾸준이 찾아주어서 그런지 어느정도는 꾸려가고있네요. 
얼마전에 손님 중 한분이 가게를 같은걸로 해서 내고 싶다고 하셔서. 일단 알겠다고 하고
이것저것 준비하고 설명해드릴려고 필요한 것들을 작성중에 걸리는것들이 있어서 문의드려요.
 1. 프렌차이즈가 아니기 때문에 가맹비나 이런것들은 어떻게 받아야하나요??도움비??
2. 소스를 팔건데 어떻게 팔아야하나요?
 위에있는 것 들이 해결이 되더라도 나중에 제가 소스 판매를 할때
개인적으로 따로 파는게 불법이기 때문에 사이라도 안좋아지거나 세금계산서를 요청을 할 경우를 생각하다 보니깐..문제가 일어날 방법을 애초에 방지 하고자 구청가서 방법을 문의를 드렸는데 즉석판매제조.가공업으로 따로 공간을 얻거나 파티션으로 분류를 해서 공간을 따로 신고를 하라는데 ..어떻게 이게 음식점 가게에서 가능이나..할지..그렇다고 식품제조가공업으로 가기에는
배보다 배꼽이 더 커지는 경우라 ... 어떤 방법이 좋을까요..
 아예 공간을 하나 얻는게 속편할 일 일까요?..
   











오늘의명언
자신감은 위대한 과업의 첫째 요건이다.
-Samuel Johnson-",490,1.0,20.0,6.0,서울인더팍스,2018.02.08. 20:03,고민고민답변 감사합니다~~한번 더 자세하게 알아봐야겠네요 ^^ !!,True,고민고민
2024-02-14 15:32:01,• 음식·외식·배달,Comment,93056,안녕하세요 ~ 질문이있습니다. (도움 좀 주세요),서울인더팍스,직원,2018.02.08. 18:27,"안녕하세요 ~서울에서  곱창집을 하나 운영중입니다.
요새 불경기이지만 사람들이 그래도 꾸준이 찾아주어서 그런지 어느정도는 꾸려가고있네요. 
얼마전에 손님 중 한분이 가게를 같은걸로 해서 내고 싶다고 하셔서. 일단 알겠다고 하고
이것저것 준비하고 설명해드릴려고 필요한 것들을 작성중에 걸리는것들이 있어서 문의드려요.
 1. 프렌차이즈가 아니기 때문에 가맹비나 이런것들은 어떻게 받아야하나요??도움비??
2. 소스를 팔건데 어떻게 팔아야하나요?
 위에있는 것 들이 해결이 되더라도 나중에 제가 소스 판매를 할때
개인적으로 따로 파는게 불법이기 때문에 사이라도 안좋아지거나 세금계산서를 요청을 할 경우를 생각하다 보니깐..문제가 일어날 방법을 애초에 방지 하고자 구청가서 방법을 문의를 드렸는데 즉석판매제조.가공업으로 따로 공간을 얻거나 파티션으로 분류를 해서 공간을 따로 신고를 하라는데 ..어떻게 이게 음식점 가게에서 가능이나..할지..그렇다고 식품제조가공업으로 가기에는
배보다 배꼽이 더 커지는 경우라 ... 어떤 방법이 좋을까요..
 아예 공간을 하나 얻는게 속편할 일 일까요?..
   











오늘의명언
자신감은 위대한 과업의 첫째 요건이다.
-Samuel Johnson-",490,1.0,20.0,7.0,엘리레오,2018.02.08. 19:32,"제조업은
실사나오는걸로압니다
밖으로나가는문도있어야하는걸로아는데
구청위생과에문의하세요",False,
2024-02-14 15:32:01,• 음식·외식·배달,Comment,93056,안녕하세요 ~ 질문이있습니다. (도움 좀 주세요),서울인더팍스,직원,2018.02.08. 18:27,"안녕하세요 ~서울에서  곱창집을 하나 운영중입니다.
요새 불경기이지만 사람들이 그래도 꾸준이 찾아주어서 그런지 어느정도는 꾸려가고있네요. 
얼마전에 손님 중 한분이 가게를 같은걸로 해서 내고 싶다고 하셔서. 일단 알겠다고 하고
이것저것 준비하고 설명해드릴려고 필요한 것들을 작성중에 걸리는것들이 있어서 문의드려요.
 1. 프렌차이즈가 아니기 때문에 가맹비나 이런것들은 어떻게 받아야하나요??도움비??
2. 소스를 팔건데 어떻게 팔아야하나요?
 위에있는 것 들이 해결이 되더라도 나중에 제가 소스 판매를 할때
개인적으로 따로 파는게 불법이기 때문에 사이라도 안좋아지거나 세금계산서를 요청을 할 경우를 생각하다 보니깐..문제가 일어날 방법을 애초에 방지 하고자 구청가서 방법을 문의를 드렸는데 즉석판매제조.가공업으로 따로 공간을 얻거나 파티션으로 분류를 해서 공간을 따로 신고를 하라는데 ..어떻게 이게 음식점 가게에서 가능이나..할지..그렇다고 식품제조가공업으로 가기에는
배보다 배꼽이 더 커지는 경우라 ... 어떤 방법이 좋을까요..
 아예 공간을 하나 얻는게 속편할 일 일까요?..
   











오늘의명언
자신감은 위대한 과업의 첫째 요건이다.
-Samuel Johnson-",490,1.0,20.0,8.0,서울인더팍스,2018.02.08. 20:04,구청 사람들도 너무 공무원식으로만 말해주시더라고요....좀 더 다른 방법을 알고싶은데..,True,엘리레오
2024-02-14 15:32:01,• 음식·외식·배달,Comment,93056,안녕하세요 ~ 질문이있습니다. (도움 좀 주세요),서울인더팍스,직원,2018.02.08. 18:27,"안녕하세요 ~서울에서  곱창집을 하나 운영중입니다.
요새 불경기이지만 사람들이 그래도 꾸준이 찾아주어서 그런지 어느정도는 꾸려가고있네요. 
얼마전에 손님 중 한분이 가게를 같은걸로 해서 내고 싶다고 하셔서. 일단 알겠다고 하고
이것저것 준비하고 설명해드릴려고 필요한 것들을 작성중에 걸리는것들이 있어서 문의드려요.
 1. 프렌차이즈가 아니기 때문에 가맹비나 이런것들은 어떻게 받아야하나요??도움비??
2. 소스를 팔건데 어떻게 팔아야하나요?
 위에있는 것 들이 해결이 되더라도 나중에 제가 소스 판매를 할때
개인적으로 따로 파는게 불법이기 때문에 사이라도 안좋아지거나 세금계산서를 요청을 할 경우를 생각하다 보니깐..문제가 일어날 방법을 애초에 방지 하고자 구청가서 방법을 문의를 드렸는데 즉석판매제조.가공업으로 따로 공간을 얻거나 파티션으로 분류를 해서 공간을 따로 신고를 하라는데 ..어떻게 이게 음식점 가게에서 가능이나..할지..그렇다고 식품제조가공업으로 가기에는
배보다 배꼽이 더 커지는 경우라 ... 어떤 방법이 좋을까요..
 아예 공간을 하나 얻는게 속편할 일 일까요?..
   











오늘의명언
자신감은 위대한 과업의 첫째 요건이다.
-Samuel Johnson-",490,1.0,20.0,9.0,고민고민,2018.02.08. 20:50,서울인더팍스저는 예전에 학원할때는 가게 길이 재어서 대충 공사하려는 부분 종이에 도면 그려갔더니 고쳐야할 부분 지적하면서 설명해주던데 그 방법이라도...,True,엘리레오
2024-02-14 15:32:01,• 음식·외식·배달,Comment,93056,안녕하세요 ~ 질문이있습니다. (도움 좀 주세요),서울인더팍스,직원,2018.02.08. 18:27,"안녕하세요 ~서울에서  곱창집을 하나 운영중입니다.
요새 불경기이지만 사람들이 그래도 꾸준이 찾아주어서 그런지 어느정도는 꾸려가고있네요. 
얼마전에 손님 중 한분이 가게를 같은걸로 해서 내고 싶다고 하셔서. 일단 알겠다고 하고
이것저것 준비하고 설명해드릴려고 필요한 것들을 작성중에 걸리는것들이 있어서 문의드려요.
 1. 프렌차이즈가 아니기 때문에 가맹비나 이런것들은 어떻게 받아야하나요??도움비??
2. 소스를 팔건데 어떻게 팔아야하나요?
 위에있는 것 들이 해결이 되더라도 나중에 제가 소스 판매를 할때
개인적으로 따로 파는게 불법이기 때문에 사이라도 안좋아지거나 세금계산서를 요청을 할 경우를 생각하다 보니깐..문제가 일어날 방법을 애초에 방지 하고자 구청가서 방법을 문의를 드렸는데 즉석판매제조.가공업으로 따로 공간을 얻거나 파티션으로 분류를 해서 공간을 따로 신고를 하라는데 ..어떻게 이게 음식점 가게에서 가능이나..할지..그렇다고 식품제조가공업으로 가기에는
배보다 배꼽이 더 커지는 경우라 ... 어떤 방법이 좋을까요..
 아예 공간을 하나 얻는게 속편할 일 일까요?..
   











오늘의명언
자신감은 위대한 과업의 첫째 요건이다.
-Samuel Johnson-",490,1.0,20.0,10.0,서울인더팍스,2018.02.08. 21:04,고민고민앞으로 나가기가 생각보다 참 쉽지가 않네요...^^;;;,True,엘리레오
2024-02-14 15:32:01,• 음식·외식·배달,Comment,93056,안녕하세요 ~ 질문이있습니다. (도움 좀 주세요),서울인더팍스,직원,2018.02.08. 18:27,"안녕하세요 ~서울에서  곱창집을 하나 운영중입니다.
요새 불경기이지만 사람들이 그래도 꾸준이 찾아주어서 그런지 어느정도는 꾸려가고있네요. 
얼마전에 손님 중 한분이 가게를 같은걸로 해서 내고 싶다고 하셔서. 일단 알겠다고 하고
이것저것 준비하고 설명해드릴려고 필요한 것들을 작성중에 걸리는것들이 있어서 문의드려요.
 1. 프렌차이즈가 아니기 때문에 가맹비나 이런것들은 어떻게 받아야하나요??도움비??
2. 소스를 팔건데 어떻게 팔아야하나요?
 위에있는 것 들이 해결이 되더라도 나중에 제가 소스 판매를 할때
개인적으로 따로 파는게 불법이기 때문에 사이라도 안좋아지거나 세금계산서를 요청을 할 경우를 생각하다 보니깐..문제가 일어날 방법을 애초에 방지 하고자 구청가서 방법을 문의를 드렸는데 즉석판매제조.가공업으로 따로 공간을 얻거나 파티션으로 분류를 해서 공간을 따로 신고를 하라는데 ..어떻게 이게 음식점 가게에서 가능이나..할지..그렇다고 식품제조가공업으로 가기에는
배보다 배꼽이 더 커지는 경우라 ... 어떤 방법이 좋을까요..
 아예 공간을 하나 얻는게 속편할 일 일까요?..
   











오늘의명언
자신감은 위대한 과업의 첫째 요건이다.
-Samuel Johnson-",490,1.0,20.0,11.0,드림컴퍼니,2018.02.08. 20:57,주방장비 냉장고 간텍기등 상담 가능하세요,False,
2024-02-14 15:32:01,• 음식·외식·배달,Comment,93056,안녕하세요 ~ 질문이있습니다. (도움 좀 주세요),서울인더팍스,직원,2018.02.08. 18:27,"안녕하세요 ~서울에서  곱창집을 하나 운영중입니다.
요새 불경기이지만 사람들이 그래도 꾸준이 찾아주어서 그런지 어느정도는 꾸려가고있네요. 
얼마전에 손님 중 한분이 가게를 같은걸로 해서 내고 싶다고 하셔서. 일단 알겠다고 하고
이것저것 준비하고 설명해드릴려고 필요한 것들을 작성중에 걸리는것들이 있어서 문의드려요.
 1. 프렌차이즈가 아니기 때문에 가맹비나 이런것들은 어떻게 받아야하나요??도움비??
2. 소스를 팔건데 어떻게 팔아야하나요?
 위에있는 것 들이 해결이 되더라도 나중에 제가 소스 판매를 할때
개인적으로 따로 파는게 불법이기 때문에 사이라도 안좋아지거나 세금계산서를 요청을 할 경우를 생각하다 보니깐..문제가 일어날 방법을 애초에 방지 하고자 구청가서 방법을 문의를 드렸는데 즉석판매제조.가공업으로 따로 공간을 얻거나 파티션으로 분류를 해서 공간을 따로 신고를 하라는데 ..어떻게 이게 음식점 가게에서 가능이나..할지..그렇다고 식품제조가공업으로 가기에는
배보다 배꼽이 더 커지는 경우라 ... 어떤 방법이 좋을까요..
 아예 공간을 하나 얻는게 속편할 일 일까요?..
   











오늘의명언
자신감은 위대한 과업의 첫째 요건이다.
-Samuel Johnson-",490,1.0,20.0,12.0,인천 발빠른퀵,2018.02.09. 12:34,에효 글 올린분은 답답한마음에 올리시는데 거기에 영업댓글다시고 너무하신다;,False,
2024-02-14 15:32:01,• 음식·외식·배달,Comment,93056,안녕하세요 ~ 질문이있습니다. (도움 좀 주세요),서울인더팍스,직원,2018.02.08. 18:27,"안녕하세요 ~서울에서  곱창집을 하나 운영중입니다.
요새 불경기이지만 사람들이 그래도 꾸준이 찾아주어서 그런지 어느정도는 꾸려가고있네요. 
얼마전에 손님 중 한분이 가게를 같은걸로 해서 내고 싶다고 하셔서. 일단 알겠다고 하고
이것저것 준비하고 설명해드릴려고 필요한 것들을 작성중에 걸리는것들이 있어서 문의드려요.
 1. 프렌차이즈가 아니기 때문에 가맹비나 이런것들은 어떻게 받아야하나요??도움비??
2. 소스를 팔건데 어떻게 팔아야하나요?
 위에있는 것 들이 해결이 되더라도 나중에 제가 소스 판매를 할때
개인적으로 따로 파는게 불법이기 때문에 사이라도 안좋아지거나 세금계산서를 요청을 할 경우를 생각하다 보니깐..문제가 일어날 방법을 애초에 방지 하고자 구청가서 방법을 문의를 드렸는데 즉석판매제조.가공업으로 따로 공간을 얻거나 파티션으로 분류를 해서 공간을 따로 신고를 하라는데 ..어떻게 이게 음식점 가게에서 가능이나..할지..그렇다고 식품제조가공업으로 가기에는
배보다 배꼽이 더 커지는 경우라 ... 어떤 방법이 좋을까요..
 아예 공간을 하나 얻는게 속편할 일 일까요?..
   











오늘의명언
자신감은 위대한 과업의 첫째 요건이다.
-Samuel Johnson-",490,1.0,20.0,13.0,청주 식품,2018.02.10. 10:07,"일단 제조에 관해서는 서울시
조례를 봐야합니다.

현재 1종 2종 근린생활시설인지 여부확인
1~3종 주거지역이면 허가가
안나올 수 있습니다.

주방을 분리할 경우 공간은 여유가
있는지 확인해보세요.
식품제조가공업등록은 불가피해보이나
즉판은 가능 할 수도 있겠습니다.",False,
2024-02-14 15:32:01,• 음식·외식·배달,Comment,93056,안녕하세요 ~ 질문이있습니다. (도움 좀 주세요),서울인더팍스,직원,2018.02.08. 18:27,"안녕하세요 ~서울에서  곱창집을 하나 운영중입니다.
요새 불경기이지만 사람들이 그래도 꾸준이 찾아주어서 그런지 어느정도는 꾸려가고있네요. 
얼마전에 손님 중 한분이 가게를 같은걸로 해서 내고 싶다고 하셔서. 일단 알겠다고 하고
이것저것 준비하고 설명해드릴려고 필요한 것들을 작성중에 걸리는것들이 있어서 문의드려요.
 1. 프렌차이즈가 아니기 때문에 가맹비나 이런것들은 어떻게 받아야하나요??도움비??
2. 소스를 팔건데 어떻게 팔아야하나요?
 위에있는 것 들이 해결이 되더라도 나중에 제가 소스 판매를 할때
개인적으로 따로 파는게 불법이기 때문에 사이라도 안좋아지거나 세금계산서를 요청을 할 경우를 생각하다 보니깐..문제가 일어날 방법을 애초에 방지 하고자 구청가서 방법을 문의를 드렸는데 즉석판매제조.가공업으로 따로 공간을 얻거나 파티션으로 분류를 해서 공간을 따로 신고를 하라는데 ..어떻게 이게 음식점 가게에서 가능이나..할지..그렇다고 식품제조가공업으로 가기에는
배보다 배꼽이 더 커지는 경우라 ... 어떤 방법이 좋을까요..
 아예 공간을 하나 얻는게 속편할 일 일까요?..
   











오늘의명언
자신감은 위대한 과업의 첫째 요건이다.
-Samuel Johnson-",490,1.0,20.0,14.0,인천 흙에살다,2018.02.26. 15:26,"1. 식품제조가공업 or 즉석판매제조가공업이 필요합니다.
2. 근린생활 용도의 사업장이 필요합니다.(부동산임대차계약서)
3. 식품위생법에서 규정하는 시설 기준을 준수해야 합니다.
4. 위생교육수료증, 건강진단증 필요합니다.
5. 작업장평면도, 제조방법설명서, 시설개요서 필요합니다.
6. 영업허가(선) -> 사업자등록(후) 순서로 진행합니다.
7. 통신판매신고 필요합니다.

------------------------------------------------------------------------------
일반음식점과 제조업은 한 장소에서 겸업할 수 없습니다. 공간을 분리하라는 의미는 사업장을 2개 마련할 수 도 있지만 한 사업장에서 바닥부터 벽까지 막고 독립된 공간을 확보하라는 말입니다.
석고보드 안됩니다.
즉판은 최종소비자와의 거래만 가능하고 타 사업장에 납품할 수 없습니다.
제조에서 말하는 완제품이란 조리 가공/포장된 식품을 말합니다.
식품에는 ""식품의 유형""이라는 것 이 있고 소스는 ""식품의 유형""-소스류 이렇게 분류합니다.
마트에 한번 가보세요. 파스타 소스나 갈비소스 이런거 표기사항을 봐보세요. 섭취를 목적으로 만들어진 것 자체가 제품입니다. 원료가 아니구요.^^",False,
2024-02-14 15:32:01,• 음식·외식·배달,Comment,93056,안녕하세요 ~ 질문이있습니다. (도움 좀 주세요),서울인더팍스,직원,2018.02.08. 18:27,"안녕하세요 ~서울에서  곱창집을 하나 운영중입니다.
요새 불경기이지만 사람들이 그래도 꾸준이 찾아주어서 그런지 어느정도는 꾸려가고있네요. 
얼마전에 손님 중 한분이 가게를 같은걸로 해서 내고 싶다고 하셔서. 일단 알겠다고 하고
이것저것 준비하고 설명해드릴려고 필요한 것들을 작성중에 걸리는것들이 있어서 문의드려요.
 1. 프렌차이즈가 아니기 때문에 가맹비나 이런것들은 어떻게 받아야하나요??도움비??
2. 소스를 팔건데 어떻게 팔아야하나요?
 위에있는 것 들이 해결이 되더라도 나중에 제가 소스 판매를 할때
개인적으로 따로 파는게 불법이기 때문에 사이라도 안좋아지거나 세금계산서를 요청을 할 경우를 생각하다 보니깐..문제가 일어날 방법을 애초에 방지 하고자 구청가서 방법을 문의를 드렸는데 즉석판매제조.가공업으로 따로 공간을 얻거나 파티션으로 분류를 해서 공간을 따로 신고를 하라는데 ..어떻게 이게 음식점 가게에서 가능이나..할지..그렇다고 식품제조가공업으로 가기에는
배보다 배꼽이 더 커지는 경우라 ... 어떤 방법이 좋을까요..
 아예 공간을 하나 얻는게 속편할 일 일까요?..
   











오늘의명언
자신감은 위대한 과업의 첫째 요건이다.
-Samuel Johnson-",490,1.0,20.0,15.0,인천 흙에살다,2018.02.26. 15:28,"현재 사업장에서 공간을 분리하더라도 식품위생법 규정을 준수할 수 있을 정도의 공간은 확보가 되야합니다.
곱창집이면 대략 4~50평 정도이실 것으로 생각되는데 이 공간에서 일반음식점과 제조업 두개를 하기에는 다소 무리가 있습니다.
각각의 공간을 분리하고 출입동선을 만들어야 합니다.",False,
2024-02-14 15:32:01,• 음식·외식·배달,Comment,93056,안녕하세요 ~ 질문이있습니다. (도움 좀 주세요),서울인더팍스,직원,2018.02.08. 18:27,"안녕하세요 ~서울에서  곱창집을 하나 운영중입니다.
요새 불경기이지만 사람들이 그래도 꾸준이 찾아주어서 그런지 어느정도는 꾸려가고있네요. 
얼마전에 손님 중 한분이 가게를 같은걸로 해서 내고 싶다고 하셔서. 일단 알겠다고 하고
이것저것 준비하고 설명해드릴려고 필요한 것들을 작성중에 걸리는것들이 있어서 문의드려요.
 1. 프렌차이즈가 아니기 때문에 가맹비나 이런것들은 어떻게 받아야하나요??도움비??
2. 소스를 팔건데 어떻게 팔아야하나요?
 위에있는 것 들이 해결이 되더라도 나중에 제가 소스 판매를 할때
개인적으로 따로 파는게 불법이기 때문에 사이라도 안좋아지거나 세금계산서를 요청을 할 경우를 생각하다 보니깐..문제가 일어날 방법을 애초에 방지 하고자 구청가서 방법을 문의를 드렸는데 즉석판매제조.가공업으로 따로 공간을 얻거나 파티션으로 분류를 해서 공간을 따로 신고를 하라는데 ..어떻게 이게 음식점 가게에서 가능이나..할지..그렇다고 식품제조가공업으로 가기에는
배보다 배꼽이 더 커지는 경우라 ... 어떤 방법이 좋을까요..
 아예 공간을 하나 얻는게 속편할 일 일까요?..
   











오늘의명언
자신감은 위대한 과업의 첫째 요건이다.
-Samuel Johnson-",490,1.0,20.0,16.0,인천 흙에살다,2018.02.26. 15:32,"앞으로 본인 브랜드로 가맹 사업을 키워나가실 의향이 아니고 단순 도움이라면 그리고 그 영업장 한 군데 소스 납품을 위해서 제조 허가를 준비하신다면 신중히 고민해보시기 바랍니다.
식품제조업 만만치 않습니다. 정기적/비정기적 발생하는 비용, 법적 관리서류, 위생검열, 품목제조보고 등 신경 쓸 것 들이 수두룩합니다.
그리고 소스 마진율 굉장히 낮습니다. 식품제조 중에서 가장 낮다고 생각하시면 됩니다.
일반음식점 하나에 납품하는 것으로는 제조업장 유지 비용도 안나와요.",False,
2024-02-14 15:32:01,• 음식·외식·배달,Comment,93056,안녕하세요 ~ 질문이있습니다. (도움 좀 주세요),서울인더팍스,직원,2018.02.08. 18:27,"안녕하세요 ~서울에서  곱창집을 하나 운영중입니다.
요새 불경기이지만 사람들이 그래도 꾸준이 찾아주어서 그런지 어느정도는 꾸려가고있네요. 
얼마전에 손님 중 한분이 가게를 같은걸로 해서 내고 싶다고 하셔서. 일단 알겠다고 하고
이것저것 준비하고 설명해드릴려고 필요한 것들을 작성중에 걸리는것들이 있어서 문의드려요.
 1. 프렌차이즈가 아니기 때문에 가맹비나 이런것들은 어떻게 받아야하나요??도움비??
2. 소스를 팔건데 어떻게 팔아야하나요?
 위에있는 것 들이 해결이 되더라도 나중에 제가 소스 판매를 할때
개인적으로 따로 파는게 불법이기 때문에 사이라도 안좋아지거나 세금계산서를 요청을 할 경우를 생각하다 보니깐..문제가 일어날 방법을 애초에 방지 하고자 구청가서 방법을 문의를 드렸는데 즉석판매제조.가공업으로 따로 공간을 얻거나 파티션으로 분류를 해서 공간을 따로 신고를 하라는데 ..어떻게 이게 음식점 가게에서 가능이나..할지..그렇다고 식품제조가공업으로 가기에는
배보다 배꼽이 더 커지는 경우라 ... 어떤 방법이 좋을까요..
 아예 공간을 하나 얻는게 속편할 일 일까요?..
   











오늘의명언
자신감은 위대한 과업의 첫째 요건이다.
-Samuel Johnson-",490,1.0,20.0,17.0,서울인더팍스,2018.02.26. 15:49,정말 복잡하네요 .. 조언 감사합니다^^ 프렌차이즈 남들은 쉽게 쉽게 하는것같은데 제가 막상 준비하고 생각하는데 쉽지가 않네요...,True,인천 흙에살다
2024-02-14 15:32:01,• 음식·외식·배달,Comment,93056,안녕하세요 ~ 질문이있습니다. (도움 좀 주세요),서울인더팍스,직원,2018.02.08. 18:27,"안녕하세요 ~서울에서  곱창집을 하나 운영중입니다.
요새 불경기이지만 사람들이 그래도 꾸준이 찾아주어서 그런지 어느정도는 꾸려가고있네요. 
얼마전에 손님 중 한분이 가게를 같은걸로 해서 내고 싶다고 하셔서. 일단 알겠다고 하고
이것저것 준비하고 설명해드릴려고 필요한 것들을 작성중에 걸리는것들이 있어서 문의드려요.
 1. 프렌차이즈가 아니기 때문에 가맹비나 이런것들은 어떻게 받아야하나요??도움비??
2. 소스를 팔건데 어떻게 팔아야하나요?
 위에있는 것 들이 해결이 되더라도 나중에 제가 소스 판매를 할때
개인적으로 따로 파는게 불법이기 때문에 사이라도 안좋아지거나 세금계산서를 요청을 할 경우를 생각하다 보니깐..문제가 일어날 방법을 애초에 방지 하고자 구청가서 방법을 문의를 드렸는데 즉석판매제조.가공업으로 따로 공간을 얻거나 파티션으로 분류를 해서 공간을 따로 신고를 하라는데 ..어떻게 이게 음식점 가게에서 가능이나..할지..그렇다고 식품제조가공업으로 가기에는
배보다 배꼽이 더 커지는 경우라 ... 어떤 방법이 좋을까요..
 아예 공간을 하나 얻는게 속편할 일 일까요?..
   











오늘의명언
자신감은 위대한 과업의 첫째 요건이다.
-Samuel Johnson-",490,1.0,20.0,18.0,인천 흙에살다,2018.02.26. 15:54,"장사가 잘되서 가맹사업으로 전향할 시에 두 가지 준비가 이루어져요.
식품제조공장 설립, 가맹관리본부 설립 이렇게요.
식품제조업 허가받아야하고 가맹계약서도 만드셔야 하고. 쉬운 일 아니지요.",False,
2024-02-14 15:32:01,• 음식·외식·배달,Comment,93056,안녕하세요 ~ 질문이있습니다. (도움 좀 주세요),서울인더팍스,직원,2018.02.08. 18:27,"안녕하세요 ~서울에서  곱창집을 하나 운영중입니다.
요새 불경기이지만 사람들이 그래도 꾸준이 찾아주어서 그런지 어느정도는 꾸려가고있네요. 
얼마전에 손님 중 한분이 가게를 같은걸로 해서 내고 싶다고 하셔서. 일단 알겠다고 하고
이것저것 준비하고 설명해드릴려고 필요한 것들을 작성중에 걸리는것들이 있어서 문의드려요.
 1. 프렌차이즈가 아니기 때문에 가맹비나 이런것들은 어떻게 받아야하나요??도움비??
2. 소스를 팔건데 어떻게 팔아야하나요?
 위에있는 것 들이 해결이 되더라도 나중에 제가 소스 판매를 할때
개인적으로 따로 파는게 불법이기 때문에 사이라도 안좋아지거나 세금계산서를 요청을 할 경우를 생각하다 보니깐..문제가 일어날 방법을 애초에 방지 하고자 구청가서 방법을 문의를 드렸는데 즉석판매제조.가공업으로 따로 공간을 얻거나 파티션으로 분류를 해서 공간을 따로 신고를 하라는데 ..어떻게 이게 음식점 가게에서 가능이나..할지..그렇다고 식품제조가공업으로 가기에는
배보다 배꼽이 더 커지는 경우라 ... 어떤 방법이 좋을까요..
 아예 공간을 하나 얻는게 속편할 일 일까요?..
   











오늘의명언
자신감은 위대한 과업의 첫째 요건이다.
-Samuel Johnson-",490,1.0,20.0,19.0,곱창볶는남자,2018.03.23. 00:51,"욕심부리지마셔요..체인점이든 분점이든
관리못하면 본점도 망함니다
신중하시고 있는거나 챙기세요
체인점이니 분점이니 헛바람들어 망하사람
여럿봤습니다..
본인가게에 충실하심이 우선입니다",False,
2024-02-14 15:32:01,• 음식·외식·배달,Comment,93056,안녕하세요 ~ 질문이있습니다. (도움 좀 주세요),서울인더팍스,직원,2018.02.08. 18:27,"안녕하세요 ~서울에서  곱창집을 하나 운영중입니다.
요새 불경기이지만 사람들이 그래도 꾸준이 찾아주어서 그런지 어느정도는 꾸려가고있네요. 
얼마전에 손님 중 한분이 가게를 같은걸로 해서 내고 싶다고 하셔서. 일단 알겠다고 하고
이것저것 준비하고 설명해드릴려고 필요한 것들을 작성중에 걸리는것들이 있어서 문의드려요.
 1. 프렌차이즈가 아니기 때문에 가맹비나 이런것들은 어떻게 받아야하나요??도움비??
2. 소스를 팔건데 어떻게 팔아야하나요?
 위에있는 것 들이 해결이 되더라도 나중에 제가 소스 판매를 할때
개인적으로 따로 파는게 불법이기 때문에 사이라도 안좋아지거나 세금계산서를 요청을 할 경우를 생각하다 보니깐..문제가 일어날 방법을 애초에 방지 하고자 구청가서 방법을 문의를 드렸는데 즉석판매제조.가공업으로 따로 공간을 얻거나 파티션으로 분류를 해서 공간을 따로 신고를 하라는데 ..어떻게 이게 음식점 가게에서 가능이나..할지..그렇다고 식품제조가공업으로 가기에는
배보다 배꼽이 더 커지는 경우라 ... 어떤 방법이 좋을까요..
 아예 공간을 하나 얻는게 속편할 일 일까요?..
   











오늘의명언
자신감은 위대한 과업의 첫째 요건이다.
-Samuel Johnson-",490,1.0,20.0,20.0,서울인더팍스,2018.03.23. 17:02,충고 감사합니다^^,True,곱창볶는남자
,,,93057,,,,,,,,,,,,,,
,,,93058,,,,,,,,,,,,,,
,,,93059,,,,,,,,,,,,,,
,,,93060,,,,,,,,,,,,,,
2024-02-14 15:32:53,-,Post,93061,대전에서 커피숍 준비중입니다,대전 곰이,직원,2018.02.08. 18:48,"▶대전



▶ 커피숍
 

▶ 30대
 


▶ 이제 막 개인사업 준비중이랍니다 . 모르는것도 많고 궁금한것도 많아요
이곳에서 알찬정보 공유해보길 바랍니다. 새해 복 많이 받으세요


▶ yes",68,0.0,6.0,,,,,,
2024-02-14 15:32:53,-,Comment,93061,대전에서 커피숍 준비중입니다,대전 곰이,직원,2018.02.08. 18:48,"▶대전



▶ 커피숍
 

▶ 30대
 


▶ 이제 막 개인사업 준비중이랍니다 . 모르는것도 많고 궁금한것도 많아요
이곳에서 알찬정보 공유해보길 바랍니다. 새해 복 많이 받으세요


▶ yes",68,0.0,6.0,1.0,서울 서우맘,2018.02.08. 18:51,반갑습니다~^^,False,
2024-02-14 15:32:53,-,Comment,93061,대전에서 커피숍 준비중입니다,대전 곰이,직원,2018.02.08. 18:48,"▶대전



▶ 커피숍
 

▶ 30대
 


▶ 이제 막 개인사업 준비중이랍니다 . 모르는것도 많고 궁금한것도 많아요
이곳에서 알찬정보 공유해보길 바랍니다. 새해 복 많이 받으세요


▶ yes",68,0.0,6.0,2.0,강서손큰남자,2018.02.08. 19:11,오픈언제하세요?,False,
2024-02-14 15:32:53,-,Comment,93061,대전에서 커피숍 준비중입니다,대전 곰이,직원,2018.02.08. 18:48,"▶대전



▶ 커피숍
 

▶ 30대
 


▶ 이제 막 개인사업 준비중이랍니다 . 모르는것도 많고 궁금한것도 많아요
이곳에서 알찬정보 공유해보길 바랍니다. 새해 복 많이 받으세요


▶ yes",68,0.0,6.0,3.0,대전 어반스마트,2018.02.08. 21:55,반갑습니다~~대전이여서..더욱..ㅎㅎ,False,
2024-02-14 15:32:53,-,Comment,93061,대전에서 커피숍 준비중입니다,대전 곰이,직원,2018.02.08. 18:48,"▶대전



▶ 커피숍
 

▶ 30대
 


▶ 이제 막 개인사업 준비중이랍니다 . 모르는것도 많고 궁금한것도 많아요
이곳에서 알찬정보 공유해보길 바랍니다. 새해 복 많이 받으세요


▶ yes",68,0.0,6.0,4.0,윤쓰윤,2018.02.09. 20:21,개인커피숍창업인가요?,False,
2024-02-14 15:32:53,-,Comment,93061,대전에서 커피숍 준비중입니다,대전 곰이,직원,2018.02.08. 18:48,"▶대전



▶ 커피숍
 

▶ 30대
 


▶ 이제 막 개인사업 준비중이랍니다 . 모르는것도 많고 궁금한것도 많아요
이곳에서 알찬정보 공유해보길 바랍니다. 새해 복 많이 받으세요


▶ yes",68,0.0,6.0,5.0,대전 령가,2018.02.12. 13:09,반갑습니당,False,
2024-02-14 15:32:53,-,Comment,93061,대전에서 커피숍 준비중입니다,대전 곰이,직원,2018.02.08. 18:48,"▶대전



▶ 커피숍
 

▶ 30대
 


▶ 이제 막 개인사업 준비중이랍니다 . 모르는것도 많고 궁금한것도 많아요
이곳에서 알찬정보 공유해보길 바랍니다. 새해 복 많이 받으세요


▶ yes",68,0.0,6.0,6.0,대전 정지우,2018.02.12. 20:05,반갑습니다. 저랑 같네요.,False,
,,,93062,,,,,,,,,,,,,,
,,,93063,,,,,,,,,,,,,,
,,,93064,,,,,,,,,,,,,,
,,,93065,,,,,,,,,,,,,,
2024-02-14 15:33:47,-,Post,93066,가입 인사합니다,코코밀크,직원,2018.02.08. 18:58,"안녕하세요 반갑습니다 ^^
창업에 대한 관심과 앞으로 창업을 이루고픈 마음으로 가입합니다






▶



▶ 
 


▶
 


▶



▶",23,0.0,2.0,,,,,,
2024-02-14 15:33:47,-,Comment,93066,가입 인사합니다,코코밀크,직원,2018.02.08. 18:58,"안녕하세요 반갑습니다 ^^
창업에 대한 관심과 앞으로 창업을 이루고픈 마음으로 가입합니다






▶



▶ 
 


▶
 


▶



▶",23,0.0,2.0,1.0,오투다,2018.02.08. 19:04,반가워요,False,
2024-02-14 15:33:47,-,Comment,93066,가입 인사합니다,코코밀크,직원,2018.02.08. 18:58,"안녕하세요 반갑습니다 ^^
창업에 대한 관심과 앞으로 창업을 이루고픈 마음으로 가입합니다






▶



▶ 
 


▶
 


▶



▶",23,0.0,2.0,2.0,초짜입니다꾸벅,2018.02.08. 20:23,반갑습니다,False,
,,,93067,,,,,,,,,,,,,,
,,,93068,,,,,,,,,,,,,,
,,,93069,,,,,,,,,,,,,,
2024-02-14 15:34:33,-,Post,93070,가입인사,오투다,직원,2018.02.08. 19:04,"인천
▶



▶ 카페
 


▶ 40대
 


▶ 많은 정보 부탁드려요


▶ 네",26,0.0,0.0,,,,,,
,,,93071,,,,,,,,,,,,,,
2024-02-14 15:34:55,• 자유로운 이야기,Post,93072,이번주 너무하네요ㅜㅜ,하트,점장,2018.02.08. 19:06,춥기도 춥고 어두운 주택가라 그런지 완전 썰렁하네요~이번주 너무최악이라 기운저조하고 초조하고 불안해요~ㅠㅠ~바빠보고싶네요~,464,0.0,4.0,,,,,,
2024-02-14 15:34:55,• 자유로운 이야기,Comment,93072,이번주 너무하네요ㅜㅜ,하트,점장,2018.02.08. 19:06,춥기도 춥고 어두운 주택가라 그런지 완전 썰렁하네요~이번주 너무최악이라 기운저조하고 초조하고 불안해요~ㅠㅠ~바빠보고싶네요~,464,0.0,4.0,1.0,서울 지니자파,2018.02.08. 19:35,"힘내세요...저도 1월한달 너무 힘들었는데..2월되고나니 조금 나아졌습니다..
곧 몸도 마음도 따뜻해지는 날이 금방 찾아올겁니다.",False,
2024-02-14 15:34:55,• 자유로운 이야기,Comment,93072,이번주 너무하네요ㅜㅜ,하트,점장,2018.02.08. 19:06,춥기도 춥고 어두운 주택가라 그런지 완전 썰렁하네요~이번주 너무최악이라 기운저조하고 초조하고 불안해요~ㅠㅠ~바빠보고싶네요~,464,0.0,4.0,2.0,하트,2018.02.08. 19:39,말씀너무감사합니다^^ 다때가있는거겠죠ㅎㅎ,True,서울 지니자파
2024-02-14 15:34:55,• 자유로운 이야기,Comment,93072,이번주 너무하네요ㅜㅜ,하트,점장,2018.02.08. 19:06,춥기도 춥고 어두운 주택가라 그런지 완전 썰렁하네요~이번주 너무최악이라 기운저조하고 초조하고 불안해요~ㅠㅠ~바빠보고싶네요~,464,0.0,4.0,3.0,인천 복사,2018.02.08. 20:30,명절이 코앞이라 아무래도 돈쓸일이 많으니 ... 점점좋아지겠지요... 힘내세요~,False,
2024-02-14 15:34:55,• 자유로운 이야기,Comment,93072,이번주 너무하네요ㅜㅜ,하트,점장,2018.02.08. 19:06,춥기도 춥고 어두운 주택가라 그런지 완전 썰렁하네요~이번주 너무최악이라 기운저조하고 초조하고 불안해요~ㅠㅠ~바빠보고싶네요~,464,0.0,4.0,4.0,하트,2018.02.08. 23:57,넹감사드려요~^^ 점점좋아졌음 합니다^^,True,인천 복사
2024-02-18 21:28:46,• 호프·주점·포차,Post,93000,조립식 흡연부스 가격이..ㄷㄷ,서울 JJ,점장,2018.02.08. 16:56,"http://smartstore.naver.com/sanako/products/2403263432?NaPm=ct%3Djde7j52g%7Cci%3D80593598ed76b62f684517d0f120587ded9a9998%7Ctr%3Dsls%7Csn%3D217968%7Chk%3D3643357d9ebefa4db76af9932c3733b0922b22f7

297만원...
4-5인용

144만원
1-2인용 

가격 후덜덜하네요.....














오늘의명언
자신감은 위대한 과업의 첫째 요건이다.
-Samuel Johnson-",421,0.0,1.0,,,,,,
2024-02-18 21:28:46,• 호프·주점·포차,Comment,93000,조립식 흡연부스 가격이..ㄷㄷ,서울 JJ,점장,2018.02.08. 16:56,"http://smartstore.naver.com/sanako/products/2403263432?NaPm=ct%3Djde7j52g%7Cci%3D80593598ed76b62f684517d0f120587ded9a9998%7Ctr%3Dsls%7Csn%3D217968%7Chk%3D3643357d9ebefa4db76af9932c3733b0922b22f7

297만원...
4-5인용

144만원
1-2인용 

가격 후덜덜하네요.....














오늘의명언
자신감은 위대한 과업의 첫째 요건이다.
-Samuel Johnson-",421,0.0,1.0,1.0,통닭,2018.02.08. 20:32,휴 ㅜㅜ,False,
2024-02-18 21:29:06,-,Post,93001,서울또는 근교에서 창업준비중입니다,마포오,직원,2018.02.08. 16:57,"▶서울또는 근교

  ▶ 미정
 
  ▶ 30대후반
    ▶ 마포오스칼입니다 
   ▶  
                                   네",73,0.0,1.0,,,,,,
2024-02-18 21:29:06,-,Comment,93001,서울또는 근교에서 창업준비중입니다,마포오,직원,2018.02.08. 16:57,"▶서울또는 근교

  ▶ 미정
 
  ▶ 30대후반
    ▶ 마포오스칼입니다 
   ▶  
                                   네",73,0.0,1.0,1.0,김사장가즈아,2018.02.08. 17:07,어서오세요,False,
2024-02-18 21:29:29,-,Post,93002,"울산에서 전기자재, 조명창업 준비하고 있습니다.",창업초보,직원,2018.02.08. 17:01,"▶ 울산



▶ 전기자재, 조명 (향후 공사)
 


▶40대
 


▶ 반갑습니다.. 현재 직장을 다니고 있어요..  제꿈이 제 가게를 운영하는 거라 미리 준비 하려고 합니다.


▶ yes",70,0.0,4.0,,,,,,
2024-02-18 21:29:29,-,Comment,93002,"울산에서 전기자재, 조명창업 준비하고 있습니다.",창업초보,직원,2018.02.08. 17:01,"▶ 울산



▶ 전기자재, 조명 (향후 공사)
 


▶40대
 


▶ 반갑습니다.. 현재 직장을 다니고 있어요..  제꿈이 제 가게를 운영하는 거라 미리 준비 하려고 합니다.


▶ yes",70,0.0,4.0,1.0,김사장가즈아,2018.02.08. 17:07,어서오세요,False,
2024-02-18 21:29:29,-,Comment,93002,"울산에서 전기자재, 조명창업 준비하고 있습니다.",창업초보,직원,2018.02.08. 17:01,"▶ 울산



▶ 전기자재, 조명 (향후 공사)
 


▶40대
 


▶ 반갑습니다.. 현재 직장을 다니고 있어요..  제꿈이 제 가게를 운영하는 거라 미리 준비 하려고 합니다.


▶ yes",70,0.0,4.0,2.0,울산 루아,2018.02.08. 18:00,안녕하세요,False,
2024-02-18 21:29:29,-,Comment,93002,"울산에서 전기자재, 조명창업 준비하고 있습니다.",창업초보,직원,2018.02.08. 17:01,"▶ 울산



▶ 전기자재, 조명 (향후 공사)
 


▶40대
 


▶ 반갑습니다.. 현재 직장을 다니고 있어요..  제꿈이 제 가게를 운영하는 거라 미리 준비 하려고 합니다.


▶ yes",70,0.0,4.0,3.0,창업초보,2018.02.08. 18:06,네.. 반갑습니다.. 울산분이신가 보네요,True,울산 루아
2024-02-18 21:29:29,-,Comment,93002,"울산에서 전기자재, 조명창업 준비하고 있습니다.",창업초보,직원,2018.02.08. 17:01,"▶ 울산



▶ 전기자재, 조명 (향후 공사)
 


▶40대
 


▶ 반갑습니다.. 현재 직장을 다니고 있어요..  제꿈이 제 가게를 운영하는 거라 미리 준비 하려고 합니다.


▶ yes",70,0,4,4.0,울산 좋은아빠,2018.02.09. 13:39,반갑습니다,FALSE,
